업종,f(명목 가맹점수수료율),"c(대행수수료율, 가정)",r(혜택률),a*_할인가능(f_eff>r),a*_threshold충족,판정_할인가능,판정_threshold,실측a(37.8%)와의 격차_할인가능(%p),실측a(37.8%)와의 격차_threshold(%p),전년a(16.2%)에서_할인가능했나,현재a(37.8%)에서_할인가능한가
음식,0.004,0.0005,0.003,-1.0,11.000000000000002,결제망 무관하게 이미 성립,독자망 100%로도 불가,-137.8,1062.2000000000003,True,True
음식,0.004,0.0005,0.004,1.0,17.0,독자망 추가 전환 필요,독자망 100%로도 불가,62.2,1662.2,False,False
음식,0.004,0.0005,0.005,3.0,23.0,독자망 100%로도 불가,독자망 100%로도 불가,262.2,2262.2,False,False
음식,0.004,0.0005,0.006,5.0,29.000000000000004,독자망 100%로도 불가,독자망 100%로도 불가,462.2,2862.2000000000003,False,False
음식,0.004,0.0005,0.007,7.0,35.0,독자망 100%로도 불가,독자망 100%로도 불가,662.2,3462.2,False,False
음식,0.004,0.0005,0.008,9.0,41.0,독자망 100%로도 불가,독자망 100%로도 불가,862.2,4062.2,False,False
음식,0.004,0.0005,0.009,10.999999999999998,46.99999999999999,독자망 100%로도 불가,독자망 100%로도 불가,1062.1999999999998,4662.199999999999,False,False
음식,0.004,0.0005,0.01,13.0,53.0,독자망 100%로도 불가,독자망 100%로도 불가,1262.2,5262.2,False,False
음식,0.004,0.0005,0.011,14.999999999999998,59.0,독자망 100%로도 불가,독자망 100%로도 불가,1462.1999999999998,5862.2,False,False
음식,0.004,0.0005,0.012,17.0,65.0,독자망 100%로도 불가,독자망 100%로도 불가,1662.2,6462.2,False,False
음식,0.004,0.0005,0.013,19.0,71.0,독자망 100%로도 불가,독자망 100%로도 불가,1862.2,7062.2,False,False
음식,0.004,0.0005,0.014,21.0,77.00000000000001,독자망 100%로도 불가,독자망 100%로도 불가,2062.2,7662.200000000002,False,False
음식,0.004,0.0005,0.015,23.0,82.99999999999999,독자망 100%로도 불가,독자망 100%로도 불가,2262.2,8262.199999999999,False,False
음식,0.004,0.0005,0.016,25.0,89.0,독자망 100%로도 불가,독자망 100%로도 불가,2462.2,8862.2,False,False
음식,0.004,0.0005,0.017,27.0,95.0,독자망 100%로도 불가,독자망 100%로도 불가,2662.2,9462.2,False,False
음식,0.004,0.0005,0.018,28.999999999999996,100.99999999999997,독자망 100%로도 불가,독자망 100%로도 불가,2862.2,10062.199999999997,False,False
음식,0.004,0.0005,0.019,31.0,106.99999999999999,독자망 100%로도 불가,독자망 100%로도 불가,3062.2,10662.199999999999,False,False
음식,0.004,0.0005,0.02,33.0,112.99999999999999,독자망 100%로도 불가,독자망 100%로도 불가,3262.2,11262.199999999999,False,False
음식,0.004,0.001,0.003,0.0,6.000000000000001,결제망 무관하게 이미 성립,독자망 100%로도 불가,-37.8,562.2,True,True
음식,0.004,0.001,0.004,1.0,9.0,독자망 추가 전환 필요,독자망 100%로도 불가,62.2,862.2,False,False
음식,0.004,0.001,0.005,2.0,12.0,독자망 100%로도 불가,독자망 100%로도 불가,162.2,1162.2,False,False
음식,0.004,0.001,0.006,3.0,15.000000000000002,독자망 100%로도 불가,독자망 100%로도 불가,262.2,1462.2000000000003,False,False
음식,0.004,0.001,0.007,4.0,18.0,독자망 100%로도 불가,독자망 100%로도 불가,362.2,1762.2,False,False
음식,0.004,0.001,0.008,5.0,21.0,독자망 100%로도 불가,독자망 100%로도 불가,462.2,2062.2,False,False
음식,0.004,0.001,0.009,5.999999999999999,23.999999999999996,독자망 100%로도 불가,독자망 100%로도 불가,562.1999999999999,2362.2,False,False
음식,0.004,0.001,0.01,7.0,27.0,독자망 100%로도 불가,독자망 100%로도 불가,662.2,2662.2,False,False
음식,0.004,0.001,0.011,7.999999999999999,30.0,독자망 100%로도 불가,독자망 100%로도 불가,762.1999999999999,2962.2,False,False
음식,0.004,0.001,0.012,9.0,33.0,독자망 100%로도 불가,독자망 100%로도 불가,862.2,3262.2,False,False
음식,0.004,0.001,0.013,10.0,36.0,독자망 100%로도 불가,독자망 100%로도 불가,962.2,3562.2,False,False
음식,0.004,0.001,0.014,11.0,39.00000000000001,독자망 100%로도 불가,독자망 100%로도 불가,1062.2,3862.2000000000007,False,False
음식,0.004,0.001,0.015,12.0,41.99999999999999,독자망 100%로도 불가,독자망 100%로도 불가,1162.2,4162.199999999999,False,False
음식,0.004,0.001,0.016,13.0,45.0,독자망 100%로도 불가,독자망 100%로도 불가,1262.2,4462.2,False,False
음식,0.004,0.001,0.017,14.0,48.0,독자망 100%로도 불가,독자망 100%로도 불가,1362.2,4762.2,False,False
음식,0.004,0.001,0.018,14.999999999999998,50.999999999999986,독자망 100%로도 불가,독자망 100%로도 불가,1462.1999999999998,5062.199999999999,False,False
음식,0.004,0.001,0.019,16.0,53.99999999999999,독자망 100%로도 불가,독자망 100%로도 불가,1562.2,5362.199999999999,False,False
음식,0.004,0.001,0.02,17.0,56.99999999999999,독자망 100%로도 불가,독자망 100%로도 불가,1662.2,5662.199999999999,False,False
음식,0.004,0.0015,0.003,0.33333333333333337,4.333333333333334,현재 독자망 비중으로 성립,독자망 100%로도 불가,-4.466666666666663,395.53333333333336,False,True
음식,0.004,0.0015,0.004,1.0,6.333333333333333,독자망 추가 전환 필요,독자망 100%로도 불가,62.2,595.5333333333333,False,False
음식,0.004,0.0015,0.005,1.6666666666666665,8.333333333333332,독자망 100%로도 불가,독자망 100%로도 불가,128.86666666666665,795.5333333333332,False,False
음식,0.004,0.0015,0.006,2.333333333333333,10.333333333333334,독자망 100%로도 불가,독자망 100%로도 불가,195.5333333333333,995.5333333333334,False,False
음식,0.004,0.0015,0.007,3.0,12.333333333333334,독자망 100%로도 불가,독자망 100%로도 불가,262.2,1195.5333333333333,False,False
음식,0.004,0.0015,0.008,3.6666666666666665,14.333333333333334,독자망 100%로도 불가,독자망 100%로도 불가,328.8666666666666,1395.5333333333333,False,False
음식,0.004,0.0015,0.009,4.333333333333332,16.33333333333333,독자망 100%로도 불가,독자망 100%로도 불가,395.5333333333332,1595.5333333333328,False,False
음식,0.004,0.0015,0.01,5.0,18.333333333333332,독자망 100%로도 불가,독자망 100%로도 불가,462.2,1795.5333333333333,False,False
음식,0.004,0.0015,0.011,5.666666666666666,20.333333333333332,독자망 100%로도 불가,독자망 100%로도 불가,528.8666666666666,1995.5333333333333,False,False
음식,0.004,0.0015,0.012,6.333333333333333,22.333333333333332,독자망 100%로도 불가,독자망 100%로도 불가,595.5333333333333,2195.5333333333333,False,False
음식,0.004,0.0015,0.013,6.999999999999999,24.333333333333336,독자망 100%로도 불가,독자망 100%로도 불가,662.1999999999999,2395.5333333333338,False,False
음식,0.004,0.0015,0.014,7.666666666666667,26.333333333333336,독자망 100%로도 불가,독자망 100%로도 불가,728.8666666666667,2595.5333333333338,False,False
음식,0.004,0.0015,0.015,8.333333333333332,28.33333333333333,독자망 100%로도 불가,독자망 100%로도 불가,795.5333333333332,2795.533333333333,False,False
음식,0.004,0.0015,0.016,9.0,30.333333333333332,독자망 100%로도 불가,독자망 100%로도 불가,862.2,2995.5333333333333,False,False
음식,0.004,0.0015,0.017,9.666666666666668,32.33333333333333,독자망 100%로도 불가,독자망 100%로도 불가,928.8666666666668,3195.533333333333,False,False
음식,0.004,0.0015,0.018,10.333333333333332,34.33333333333333,독자망 100%로도 불가,독자망 100%로도 불가,995.5333333333332,3395.533333333333,False,False
음식,0.004,0.0015,0.019,11.0,36.33333333333333,독자망 100%로도 불가,독자망 100%로도 불가,1062.2,3595.533333333333,False,False
음식,0.004,0.0015,0.02,11.666666666666666,38.33333333333333,독자망 100%로도 불가,독자망 100%로도 불가,1128.8666666666666,3795.533333333333,False,False
음식,0.004,0.001942,0.003,0.4850669412976313,3.574665293511844,독자망 추가 전환 필요,독자망 100%로도 불가,10.706694129763129,319.6665293511844,False,False
음식,0.004,0.001942,0.004,1.0,5.11946446961895,독자망 추가 전환 필요,독자망 100%로도 불가,62.2,474.146446961895,False,False
음식,0.004,0.001942,0.005,1.5149330587023688,6.664263645726056,독자망 100%로도 불가,독자망 100%로도 불가,113.69330587023687,628.6263645726056,False,False
음식,0.004,0.001942,0.006,2.0298661174047377,8.209062821833163,독자망 100%로도 불가,독자망 100%로도 불가,165.18661174047375,783.1062821833162,False,False
음식,0.004,0.001942,0.007,2.544799176107106,9.753861997940268,독자망 100%로도 불가,독자망 100%로도 불가,216.6799176107106,937.5861997940268,False,False
음식,0.004,0.001942,0.008,3.059732234809475,11.298661174047375,독자망 100%로도 불가,독자망 100%로도 불가,268.17322348094746,1092.0661174047375,False,False
음식,0.004,0.001942,0.009,3.5746652935118433,12.843460350154478,독자망 100%로도 불가,독자망 100%로도 불가,319.6665293511843,1246.5460350154478,False,False
음식,0.004,0.001942,0.01,4.089598352214212,14.388259526261585,독자망 100%로도 불가,독자망 100%로도 불가,371.1598352214212,1401.0259526261584,False,False
음식,0.004,0.001942,0.011,4.6045314109165805,15.933058702368694,독자망 100%로도 불가,독자망 100%로도 불가,422.65314109165803,1555.5058702368694,False,False
음식,0.004,0.001942,0.012,5.11946446961895,17.4778578784758,독자망 100%로도 불가,독자망 100%로도 불가,474.146446961895,1709.9857878475798,False,False
음식,0.004,0.001942,0.013,5.634397528321318,19.022657054582908,독자망 100%로도 불가,독자망 100%로도 불가,525.6397528321318,1864.4657054582908,False,False
음식,0.004,0.001942,0.014,6.149330587023687,20.567456230690013,독자망 100%로도 불가,독자망 100%로도 불가,577.1330587023688,2018.9456230690012,False,False
음식,0.004,0.001942,0.015,6.664263645726056,22.112255406797114,독자망 100%로도 불가,독자망 100%로도 불가,628.6263645726056,2173.4255406797115,False,False
음식,0.004,0.001942,0.016,7.179196704428425,23.657054582904223,독자망 100%로도 불가,독자망 100%로도 불가,680.1196704428424,2327.9054582904223,False,False
음식,0.004,0.001942,0.017,7.694129763130793,25.20185375901133,독자망 100%로도 불가,독자망 100%로도 불가,731.6129763130793,2482.3853759011326,False,False
음식,0.004,0.001942,0.018,8.209062821833161,26.74665293511843,독자망 100%로도 불가,독자망 100%로도 불가,783.1062821833161,2636.865293511843,False,False
음식,0.004,0.001942,0.019,8.72399588053553,28.29145211122554,독자망 100%로도 불가,독자망 100%로도 불가,834.5995880535529,2791.345211122554,False,False
음식,0.004,0.001942,0.02,9.2389289392379,29.836251287332644,독자망 100%로도 불가,독자망 100%로도 불가,886.0928939237899,2945.825128733264,False,False
음식,0.004,0.002,0.003,0.5,3.5000000000000004,독자망 추가 전환 필요,독자망 100%로도 불가,12.2,312.20000000000005,False,False
음식,0.004,0.002,0.004,1.0,5.0,독자망 추가 전환 필요,독자망 100%로도 불가,62.2,462.2,False,False
음식,0.004,0.002,0.005,1.5,6.5,독자망 100%로도 불가,독자망 100%로도 불가,112.19999999999999,612.2,False,False
음식,0.004,0.002,0.006,2.0,8.0,독자망 100%로도 불가,독자망 100%로도 불가,162.2,762.2,False,False
음식,0.004,0.002,0.007,2.5,9.5,독자망 100%로도 불가,독자망 100%로도 불가,212.2,912.2,False,False
음식,0.004,0.002,0.008,3.0,11.0,독자망 100%로도 불가,독자망 100%로도 불가,262.2,1062.2,False,False
음식,0.004,0.002,0.009,3.4999999999999996,12.499999999999998,독자망 100%로도 불가,독자망 100%로도 불가,312.19999999999993,1212.1999999999998,False,False
음식,0.004,0.002,0.01,4.0,14.0,독자망 100%로도 불가,독자망 100%로도 불가,362.2,1362.2,False,False
음식,0.004,0.002,0.011,4.5,15.5,독자망 100%로도 불가,독자망 100%로도 불가,412.2,1512.2,False,False
음식,0.004,0.002,0.012,5.0,17.0,독자망 100%로도 불가,독자망 100%로도 불가,462.2,1662.2,False,False
음식,0.004,0.002,0.013,5.5,18.5,독자망 100%로도 불가,독자망 100%로도 불가,512.2,1812.2,False,False
음식,0.004,0.002,0.014,6.0,20.000000000000004,독자망 100%로도 불가,독자망 100%로도 불가,562.2,1962.2000000000003,False,False
음식,0.004,0.002,0.015,6.5,21.499999999999996,독자망 100%로도 불가,독자망 100%로도 불가,612.2,2112.2,False,False
음식,0.004,0.002,0.016,7.0,23.0,독자망 100%로도 불가,독자망 100%로도 불가,662.2,2262.2,False,False
음식,0.004,0.002,0.017,7.5,24.5,독자망 100%로도 불가,독자망 100%로도 불가,712.2,2412.2,False,False
음식,0.004,0.002,0.018,7.999999999999999,25.999999999999993,독자망 100%로도 불가,독자망 100%로도 불가,762.1999999999999,2562.1999999999994,False,False
음식,0.004,0.002,0.019,8.5,27.499999999999996,독자망 100%로도 불가,독자망 100%로도 불가,812.2,2712.2,False,False
음식,0.004,0.002,0.02,9.0,28.999999999999996,독자망 100%로도 불가,독자망 100%로도 불가,862.2,2862.2,False,False
음식,0.004,0.0025,0.003,0.6,3.0000000000000004,독자망 추가 전환 필요,독자망 100%로도 불가,22.199999999999996,262.20000000000005,False,False
음식,0.004,0.0025,0.004,1.0,4.2,독자망 추가 전환 필요,독자망 100%로도 불가,62.2,382.2,False,False
음식,0.004,0.0025,0.005,1.4,5.3999999999999995,독자망 100%로도 불가,독자망 100%로도 불가,102.19999999999997,502.19999999999993,False,False
음식,0.004,0.0025,0.006,1.8,6.6000000000000005,독자망 100%로도 불가,독자망 100%로도 불가,142.20000000000002,622.2,False,False
음식,0.004,0.0025,0.007,2.2,7.800000000000001,독자망 100%로도 불가,독자망 100%로도 불가,182.20000000000002,742.2,False,False
음식,0.004,0.0025,0.008,2.6,9.0,독자망 100%로도 불가,독자망 100%로도 불가,222.2,862.2,False,False
음식,0.004,0.0025,0.009,2.9999999999999996,10.199999999999998,독자망 100%로도 불가,독자망 100%로도 불가,262.19999999999993,982.1999999999997,False,False
음식,0.004,0.0025,0.01,3.4,11.399999999999999,독자망 100%로도 불가,독자망 100%로도 불가,302.2,1102.1999999999998,False,False
음식,0.004,0.0025,0.011,3.8,12.6,독자망 100%로도 불가,독자망 100%로도 불가,342.2,1222.2,False,False
음식,0.004,0.0025,0.012,4.2,13.8,독자망 100%로도 불가,독자망 100%로도 불가,382.2,1342.2,False,False
음식,0.004,0.0025,0.013,4.6,15.000000000000002,독자망 100%로도 불가,독자망 100%로도 불가,422.19999999999993,1462.2000000000003,False,False
음식,0.004,0.0025,0.014,5.0,16.200000000000003,독자망 100%로도 불가,독자망 100%로도 불가,462.2,1582.2000000000003,False,False
음식,0.004,0.0025,0.015,5.3999999999999995,17.4,독자망 100%로도 불가,독자망 100%로도 불가,502.19999999999993,1702.1999999999998,False,False
음식,0.004,0.0025,0.016,5.8,18.599999999999998,독자망 100%로도 불가,독자망 100%로도 불가,542.1999999999999,1822.1999999999998,False,False
음식,0.004,0.0025,0.017,6.2,19.8,독자망 100%로도 불가,독자망 100%로도 불가,582.2,1942.2,False,False
음식,0.004,0.0025,0.018,6.6,20.999999999999996,독자망 100%로도 불가,독자망 100%로도 불가,622.1999999999999,2062.2,False,False
음식,0.004,0.0025,0.019,7.0,22.199999999999996,독자망 100%로도 불가,독자망 100%로도 불가,662.2,2182.1999999999994,False,False
음식,0.004,0.0025,0.02,7.4,23.4,독자망 100%로도 불가,독자망 100%로도 불가,702.2,2302.2,False,False
생활서비스,0.004,0.0005,0.003,-1.0,11.000000000000002,결제망 무관하게 이미 성립,독자망 100%로도 불가,-137.8,1062.2000000000003,True,True
생활서비스,0.004,0.0005,0.004,1.0,17.0,독자망 추가 전환 필요,독자망 100%로도 불가,62.2,1662.2,False,False
생활서비스,0.004,0.0005,0.005,3.0,23.0,독자망 100%로도 불가,독자망 100%로도 불가,262.2,2262.2,False,False
생활서비스,0.004,0.0005,0.006,5.0,29.000000000000004,독자망 100%로도 불가,독자망 100%로도 불가,462.2,2862.2000000000003,False,False
생활서비스,0.004,0.0005,0.007,7.0,35.0,독자망 100%로도 불가,독자망 100%로도 불가,662.2,3462.2,False,False
생활서비스,0.004,0.0005,0.008,9.0,41.0,독자망 100%로도 불가,독자망 100%로도 불가,862.2,4062.2,False,False
생활서비스,0.004,0.0005,0.009,10.999999999999998,46.99999999999999,독자망 100%로도 불가,독자망 100%로도 불가,1062.1999999999998,4662.199999999999,False,False
생활서비스,0.004,0.0005,0.01,13.0,53.0,독자망 100%로도 불가,독자망 100%로도 불가,1262.2,5262.2,False,False
생활서비스,0.004,0.0005,0.011,14.999999999999998,59.0,독자망 100%로도 불가,독자망 100%로도 불가,1462.1999999999998,5862.2,False,False
생활서비스,0.004,0.0005,0.012,17.0,65.0,독자망 100%로도 불가,독자망 100%로도 불가,1662.2,6462.2,False,False
생활서비스,0.004,0.0005,0.013,19.0,71.0,독자망 100%로도 불가,독자망 100%로도 불가,1862.2,7062.2,False,False
생활서비스,0.004,0.0005,0.014,21.0,77.00000000000001,독자망 100%로도 불가,독자망 100%로도 불가,2062.2,7662.200000000002,False,False
생활서비스,0.004,0.0005,0.015,23.0,82.99999999999999,독자망 100%로도 불가,독자망 100%로도 불가,2262.2,8262.199999999999,False,False
생활서비스,0.004,0.0005,0.016,25.0,89.0,독자망 100%로도 불가,독자망 100%로도 불가,2462.2,8862.2,False,False
생활서비스,0.004,0.0005,0.017,27.0,95.0,독자망 100%로도 불가,독자망 100%로도 불가,2662.2,9462.2,False,False
생활서비스,0.004,0.0005,0.018,28.999999999999996,100.99999999999997,독자망 100%로도 불가,독자망 100%로도 불가,2862.2,10062.199999999997,False,False
생활서비스,0.004,0.0005,0.019,31.0,106.99999999999999,독자망 100%로도 불가,독자망 100%로도 불가,3062.2,10662.199999999999,False,False
생활서비스,0.004,0.0005,0.02,33.0,112.99999999999999,독자망 100%로도 불가,독자망 100%로도 불가,3262.2,11262.199999999999,False,False
생활서비스,0.004,0.001,0.003,0.0,6.000000000000001,결제망 무관하게 이미 성립,독자망 100%로도 불가,-37.8,562.2,True,True
생활서비스,0.004,0.001,0.004,1.0,9.0,독자망 추가 전환 필요,독자망 100%로도 불가,62.2,862.2,False,False
생활서비스,0.004,0.001,0.005,2.0,12.0,독자망 100%로도 불가,독자망 100%로도 불가,162.2,1162.2,False,False
생활서비스,0.004,0.001,0.006,3.0,15.000000000000002,독자망 100%로도 불가,독자망 100%로도 불가,262.2,1462.2000000000003,False,False
생활서비스,0.004,0.001,0.007,4.0,18.0,독자망 100%로도 불가,독자망 100%로도 불가,362.2,1762.2,False,False
생활서비스,0.004,0.001,0.008,5.0,21.0,독자망 100%로도 불가,독자망 100%로도 불가,462.2,2062.2,False,False
생활서비스,0.004,0.001,0.009,5.999999999999999,23.999999999999996,독자망 100%로도 불가,독자망 100%로도 불가,562.1999999999999,2362.2,False,False
생활서비스,0.004,0.001,0.01,7.0,27.0,독자망 100%로도 불가,독자망 100%로도 불가,662.2,2662.2,False,False
생활서비스,0.004,0.001,0.011,7.999999999999999,30.0,독자망 100%로도 불가,독자망 100%로도 불가,762.1999999999999,2962.2,False,False
생활서비스,0.004,0.001,0.012,9.0,33.0,독자망 100%로도 불가,독자망 100%로도 불가,862.2,3262.2,False,False
생활서비스,0.004,0.001,0.013,10.0,36.0,독자망 100%로도 불가,독자망 100%로도 불가,962.2,3562.2,False,False
생활서비스,0.004,0.001,0.014,11.0,39.00000000000001,독자망 100%로도 불가,독자망 100%로도 불가,1062.2,3862.2000000000007,False,False
생활서비스,0.004,0.001,0.015,12.0,41.99999999999999,독자망 100%로도 불가,독자망 100%로도 불가,1162.2,4162.199999999999,False,False
생활서비스,0.004,0.001,0.016,13.0,45.0,독자망 100%로도 불가,독자망 100%로도 불가,1262.2,4462.2,False,False
생활서비스,0.004,0.001,0.017,14.0,48.0,독자망 100%로도 불가,독자망 100%로도 불가,1362.2,4762.2,False,False
생활서비스,0.004,0.001,0.018,14.999999999999998,50.999999999999986,독자망 100%로도 불가,독자망 100%로도 불가,1462.1999999999998,5062.199999999999,False,False
생활서비스,0.004,0.001,0.019,16.0,53.99999999999999,독자망 100%로도 불가,독자망 100%로도 불가,1562.2,5362.199999999999,False,False
생활서비스,0.004,0.001,0.02,17.0,56.99999999999999,독자망 100%로도 불가,독자망 100%로도 불가,1662.2,5662.199999999999,False,False
생활서비스,0.004,0.0015,0.003,0.33333333333333337,4.333333333333334,현재 독자망 비중으로 성립,독자망 100%로도 불가,-4.466666666666663,395.53333333333336,False,True
생활서비스,0.004,0.0015,0.004,1.0,6.333333333333333,독자망 추가 전환 필요,독자망 100%로도 불가,62.2,595.5333333333333,False,False
생활서비스,0.004,0.0015,0.005,1.6666666666666665,8.333333333333332,독자망 100%로도 불가,독자망 100%로도 불가,128.86666666666665,795.5333333333332,False,False
생활서비스,0.004,0.0015,0.006,2.333333333333333,10.333333333333334,독자망 100%로도 불가,독자망 100%로도 불가,195.5333333333333,995.5333333333334,False,False
생활서비스,0.004,0.0015,0.007,3.0,12.333333333333334,독자망 100%로도 불가,독자망 100%로도 불가,262.2,1195.5333333333333,False,False
생활서비스,0.004,0.0015,0.008,3.6666666666666665,14.333333333333334,독자망 100%로도 불가,독자망 100%로도 불가,328.8666666666666,1395.5333333333333,False,False
생활서비스,0.004,0.0015,0.009,4.333333333333332,16.33333333333333,독자망 100%로도 불가,독자망 100%로도 불가,395.5333333333332,1595.5333333333328,False,False
생활서비스,0.004,0.0015,0.01,5.0,18.333333333333332,독자망 100%로도 불가,독자망 100%로도 불가,462.2,1795.5333333333333,False,False
생활서비스,0.004,0.0015,0.011,5.666666666666666,20.333333333333332,독자망 100%로도 불가,독자망 100%로도 불가,528.8666666666666,1995.5333333333333,False,False
생활서비스,0.004,0.0015,0.012,6.333333333333333,22.333333333333332,독자망 100%로도 불가,독자망 100%로도 불가,595.5333333333333,2195.5333333333333,False,False
생활서비스,0.004,0.0015,0.013,6.999999999999999,24.333333333333336,독자망 100%로도 불가,독자망 100%로도 불가,662.1999999999999,2395.5333333333338,False,False
생활서비스,0.004,0.0015,0.014,7.666666666666667,26.333333333333336,독자망 100%로도 불가,독자망 100%로도 불가,728.8666666666667,2595.5333333333338,False,False
생활서비스,0.004,0.0015,0.015,8.333333333333332,28.33333333333333,독자망 100%로도 불가,독자망 100%로도 불가,795.5333333333332,2795.533333333333,False,False
생활서비스,0.004,0.0015,0.016,9.0,30.333333333333332,독자망 100%로도 불가,독자망 100%로도 불가,862.2,2995.5333333333333,False,False
생활서비스,0.004,0.0015,0.017,9.666666666666668,32.33333333333333,독자망 100%로도 불가,독자망 100%로도 불가,928.8666666666668,3195.533333333333,False,False
생활서비스,0.004,0.0015,0.018,10.333333333333332,34.33333333333333,독자망 100%로도 불가,독자망 100%로도 불가,995.5333333333332,3395.533333333333,False,False
생활서비스,0.004,0.0015,0.019,11.0,36.33333333333333,독자망 100%로도 불가,독자망 100%로도 불가,1062.2,3595.533333333333,False,False
생활서비스,0.004,0.0015,0.02,11.666666666666666,38.33333333333333,독자망 100%로도 불가,독자망 100%로도 불가,1128.8666666666666,3795.533333333333,False,False
생활서비스,0.004,0.001942,0.003,0.4850669412976313,3.574665293511844,독자망 추가 전환 필요,독자망 100%로도 불가,10.706694129763129,319.6665293511844,False,False
생활서비스,0.004,0.001942,0.004,1.0,5.11946446961895,독자망 추가 전환 필요,독자망 100%로도 불가,62.2,474.146446961895,False,False
생활서비스,0.004,0.001942,0.005,1.5149330587023688,6.664263645726056,독자망 100%로도 불가,독자망 100%로도 불가,113.69330587023687,628.6263645726056,False,False
생활서비스,0.004,0.001942,0.006,2.0298661174047377,8.209062821833163,독자망 100%로도 불가,독자망 100%로도 불가,165.18661174047375,783.1062821833162,False,False
생활서비스,0.004,0.001942,0.007,2.544799176107106,9.753861997940268,독자망 100%로도 불가,독자망 100%로도 불가,216.6799176107106,937.5861997940268,False,False
생활서비스,0.004,0.001942,0.008,3.059732234809475,11.298661174047375,독자망 100%로도 불가,독자망 100%로도 불가,268.17322348094746,1092.0661174047375,False,False
생활서비스,0.004,0.001942,0.009,3.5746652935118433,12.843460350154478,독자망 100%로도 불가,독자망 100%로도 불가,319.6665293511843,1246.5460350154478,False,False
생활서비스,0.004,0.001942,0.01,4.089598352214212,14.388259526261585,독자망 100%로도 불가,독자망 100%로도 불가,371.1598352214212,1401.0259526261584,False,False
생활서비스,0.004,0.001942,0.011,4.6045314109165805,15.933058702368694,독자망 100%로도 불가,독자망 100%로도 불가,422.65314109165803,1555.5058702368694,False,False
생활서비스,0.004,0.001942,0.012,5.11946446961895,17.4778578784758,독자망 100%로도 불가,독자망 100%로도 불가,474.146446961895,1709.9857878475798,False,False
생활서비스,0.004,0.001942,0.013,5.634397528321318,19.022657054582908,독자망 100%로도 불가,독자망 100%로도 불가,525.6397528321318,1864.4657054582908,False,False
생활서비스,0.004,0.001942,0.014,6.149330587023687,20.567456230690013,독자망 100%로도 불가,독자망 100%로도 불가,577.1330587023688,2018.9456230690012,False,False
생활서비스,0.004,0.001942,0.015,6.664263645726056,22.112255406797114,독자망 100%로도 불가,독자망 100%로도 불가,628.6263645726056,2173.4255406797115,False,False
생활서비스,0.004,0.001942,0.016,7.179196704428425,23.657054582904223,독자망 100%로도 불가,독자망 100%로도 불가,680.1196704428424,2327.9054582904223,False,False
생활서비스,0.004,0.001942,0.017,7.694129763130793,25.20185375901133,독자망 100%로도 불가,독자망 100%로도 불가,731.6129763130793,2482.3853759011326,False,False
생활서비스,0.004,0.001942,0.018,8.209062821833161,26.74665293511843,독자망 100%로도 불가,독자망 100%로도 불가,783.1062821833161,2636.865293511843,False,False
생활서비스,0.004,0.001942,0.019,8.72399588053553,28.29145211122554,독자망 100%로도 불가,독자망 100%로도 불가,834.5995880535529,2791.345211122554,False,False
생활서비스,0.004,0.001942,0.02,9.2389289392379,29.836251287332644,독자망 100%로도 불가,독자망 100%로도 불가,886.0928939237899,2945.825128733264,False,False
생활서비스,0.004,0.002,0.003,0.5,3.5000000000000004,독자망 추가 전환 필요,독자망 100%로도 불가,12.2,312.20000000000005,False,False
생활서비스,0.004,0.002,0.004,1.0,5.0,독자망 추가 전환 필요,독자망 100%로도 불가,62.2,462.2,False,False
생활서비스,0.004,0.002,0.005,1.5,6.5,독자망 100%로도 불가,독자망 100%로도 불가,112.19999999999999,612.2,False,False
생활서비스,0.004,0.002,0.006,2.0,8.0,독자망 100%로도 불가,독자망 100%로도 불가,162.2,762.2,False,False
생활서비스,0.004,0.002,0.007,2.5,9.5,독자망 100%로도 불가,독자망 100%로도 불가,212.2,912.2,False,False
생활서비스,0.004,0.002,0.008,3.0,11.0,독자망 100%로도 불가,독자망 100%로도 불가,262.2,1062.2,False,False
생활서비스,0.004,0.002,0.009,3.4999999999999996,12.499999999999998,독자망 100%로도 불가,독자망 100%로도 불가,312.19999999999993,1212.1999999999998,False,False
생활서비스,0.004,0.002,0.01,4.0,14.0,독자망 100%로도 불가,독자망 100%로도 불가,362.2,1362.2,False,False
생활서비스,0.004,0.002,0.011,4.5,15.5,독자망 100%로도 불가,독자망 100%로도 불가,412.2,1512.2,False,False
생활서비스,0.004,0.002,0.012,5.0,17.0,독자망 100%로도 불가,독자망 100%로도 불가,462.2,1662.2,False,False
생활서비스,0.004,0.002,0.013,5.5,18.5,독자망 100%로도 불가,독자망 100%로도 불가,512.2,1812.2,False,False
생활서비스,0.004,0.002,0.014,6.0,20.000000000000004,독자망 100%로도 불가,독자망 100%로도 불가,562.2,1962.2000000000003,False,False
생활서비스,0.004,0.002,0.015,6.5,21.499999999999996,독자망 100%로도 불가,독자망 100%로도 불가,612.2,2112.2,False,False
생활서비스,0.004,0.002,0.016,7.0,23.0,독자망 100%로도 불가,독자망 100%로도 불가,662.2,2262.2,False,False
생활서비스,0.004,0.002,0.017,7.5,24.5,독자망 100%로도 불가,독자망 100%로도 불가,712.2,2412.2,False,False
생활서비스,0.004,0.002,0.018,7.999999999999999,25.999999999999993,독자망 100%로도 불가,독자망 100%로도 불가,762.1999999999999,2562.1999999999994,False,False
생활서비스,0.004,0.002,0.019,8.5,27.499999999999996,독자망 100%로도 불가,독자망 100%로도 불가,812.2,2712.2,False,False
생활서비스,0.004,0.002,0.02,9.0,28.999999999999996,독자망 100%로도 불가,독자망 100%로도 불가,862.2,2862.2,False,False
생활서비스,0.004,0.0025,0.003,0.6,3.0000000000000004,독자망 추가 전환 필요,독자망 100%로도 불가,22.199999999999996,262.20000000000005,False,False
생활서비스,0.004,0.0025,0.004,1.0,4.2,독자망 추가 전환 필요,독자망 100%로도 불가,62.2,382.2,False,False
생활서비스,0.004,0.0025,0.005,1.4,5.3999999999999995,독자망 100%로도 불가,독자망 100%로도 불가,102.19999999999997,502.19999999999993,False,False
생활서비스,0.004,0.0025,0.006,1.8,6.6000000000000005,독자망 100%로도 불가,독자망 100%로도 불가,142.20000000000002,622.2,False,False
생활서비스,0.004,0.0025,0.007,2.2,7.800000000000001,독자망 100%로도 불가,독자망 100%로도 불가,182.20000000000002,742.2,False,False
생활서비스,0.004,0.0025,0.008,2.6,9.0,독자망 100%로도 불가,독자망 100%로도 불가,222.2,862.2,False,False
생활서비스,0.004,0.0025,0.009,2.9999999999999996,10.199999999999998,독자망 100%로도 불가,독자망 100%로도 불가,262.19999999999993,982.1999999999997,False,False
생활서비스,0.004,0.0025,0.01,3.4,11.399999999999999,독자망 100%로도 불가,독자망 100%로도 불가,302.2,1102.1999999999998,False,False
생활서비스,0.004,0.0025,0.011,3.8,12.6,독자망 100%로도 불가,독자망 100%로도 불가,342.2,1222.2,False,False
생활서비스,0.004,0.0025,0.012,4.2,13.8,독자망 100%로도 불가,독자망 100%로도 불가,382.2,1342.2,False,False
생활서비스,0.004,0.0025,0.013,4.6,15.000000000000002,독자망 100%로도 불가,독자망 100%로도 불가,422.19999999999993,1462.2000000000003,False,False
생활서비스,0.004,0.0025,0.014,5.0,16.200000000000003,독자망 100%로도 불가,독자망 100%로도 불가,462.2,1582.2000000000003,False,False
생활서비스,0.004,0.0025,0.015,5.3999999999999995,17.4,독자망 100%로도 불가,독자망 100%로도 불가,502.19999999999993,1702.1999999999998,False,False
생활서비스,0.004,0.0025,0.016,5.8,18.599999999999998,독자망 100%로도 불가,독자망 100%로도 불가,542.1999999999999,1822.1999999999998,False,False
생활서비스,0.004,0.0025,0.017,6.2,19.8,독자망 100%로도 불가,독자망 100%로도 불가,582.2,1942.2,False,False
생활서비스,0.004,0.0025,0.018,6.6,20.999999999999996,독자망 100%로도 불가,독자망 100%로도 불가,622.1999999999999,2062.2,False,False
생활서비스,0.004,0.0025,0.019,7.0,22.199999999999996,독자망 100%로도 불가,독자망 100%로도 불가,662.2,2182.1999999999994,False,False
생활서비스,0.004,0.0025,0.02,7.4,23.4,독자망 100%로도 불가,독자망 100%로도 불가,702.2,2302.2,False,False
여가/오락,0.004,0.0005,0.003,-1.0,11.000000000000002,결제망 무관하게 이미 성립,독자망 100%로도 불가,-137.8,1062.2000000000003,True,True
여가/오락,0.004,0.0005,0.004,1.0,17.0,독자망 추가 전환 필요,독자망 100%로도 불가,62.2,1662.2,False,False
여가/오락,0.004,0.0005,0.005,3.0,23.0,독자망 100%로도 불가,독자망 100%로도 불가,262.2,2262.2,False,False
여가/오락,0.004,0.0005,0.006,5.0,29.000000000000004,독자망 100%로도 불가,독자망 100%로도 불가,462.2,2862.2000000000003,False,False
여가/오락,0.004,0.0005,0.007,7.0,35.0,독자망 100%로도 불가,독자망 100%로도 불가,662.2,3462.2,False,False
여가/오락,0.004,0.0005,0.008,9.0,41.0,독자망 100%로도 불가,독자망 100%로도 불가,862.2,4062.2,False,False
여가/오락,0.004,0.0005,0.009,10.999999999999998,46.99999999999999,독자망 100%로도 불가,독자망 100%로도 불가,1062.1999999999998,4662.199999999999,False,False
여가/오락,0.004,0.0005,0.01,13.0,53.0,독자망 100%로도 불가,독자망 100%로도 불가,1262.2,5262.2,False,False
여가/오락,0.004,0.0005,0.011,14.999999999999998,59.0,독자망 100%로도 불가,독자망 100%로도 불가,1462.1999999999998,5862.2,False,False
여가/오락,0.004,0.0005,0.012,17.0,65.0,독자망 100%로도 불가,독자망 100%로도 불가,1662.2,6462.2,False,False
여가/오락,0.004,0.0005,0.013,19.0,71.0,독자망 100%로도 불가,독자망 100%로도 불가,1862.2,7062.2,False,False
여가/오락,0.004,0.0005,0.014,21.0,77.00000000000001,독자망 100%로도 불가,독자망 100%로도 불가,2062.2,7662.200000000002,False,False
여가/오락,0.004,0.0005,0.015,23.0,82.99999999999999,독자망 100%로도 불가,독자망 100%로도 불가,2262.2,8262.199999999999,False,False
여가/오락,0.004,0.0005,0.016,25.0,89.0,독자망 100%로도 불가,독자망 100%로도 불가,2462.2,8862.2,False,False
여가/오락,0.004,0.0005,0.017,27.0,95.0,독자망 100%로도 불가,독자망 100%로도 불가,2662.2,9462.2,False,False
여가/오락,0.004,0.0005,0.018,28.999999999999996,100.99999999999997,독자망 100%로도 불가,독자망 100%로도 불가,2862.2,10062.199999999997,False,False
여가/오락,0.004,0.0005,0.019,31.0,106.99999999999999,독자망 100%로도 불가,독자망 100%로도 불가,3062.2,10662.199999999999,False,False
여가/오락,0.004,0.0005,0.02,33.0,112.99999999999999,독자망 100%로도 불가,독자망 100%로도 불가,3262.2,11262.199999999999,False,False
여가/오락,0.004,0.001,0.003,0.0,6.000000000000001,결제망 무관하게 이미 성립,독자망 100%로도 불가,-37.8,562.2,True,True
여가/오락,0.004,0.001,0.004,1.0,9.0,독자망 추가 전환 필요,독자망 100%로도 불가,62.2,862.2,False,False
여가/오락,0.004,0.001,0.005,2.0,12.0,독자망 100%로도 불가,독자망 100%로도 불가,162.2,1162.2,False,False
여가/오락,0.004,0.001,0.006,3.0,15.000000000000002,독자망 100%로도 불가,독자망 100%로도 불가,262.2,1462.2000000000003,False,False
여가/오락,0.004,0.001,0.007,4.0,18.0,독자망 100%로도 불가,독자망 100%로도 불가,362.2,1762.2,False,False
여가/오락,0.004,0.001,0.008,5.0,21.0,독자망 100%로도 불가,독자망 100%로도 불가,462.2,2062.2,False,False
여가/오락,0.004,0.001,0.009,5.999999999999999,23.999999999999996,독자망 100%로도 불가,독자망 100%로도 불가,562.1999999999999,2362.2,False,False
여가/오락,0.004,0.001,0.01,7.0,27.0,독자망 100%로도 불가,독자망 100%로도 불가,662.2,2662.2,False,False
여가/오락,0.004,0.001,0.011,7.999999999999999,30.0,독자망 100%로도 불가,독자망 100%로도 불가,762.1999999999999,2962.2,False,False
여가/오락,0.004,0.001,0.012,9.0,33.0,독자망 100%로도 불가,독자망 100%로도 불가,862.2,3262.2,False,False
여가/오락,0.004,0.001,0.013,10.0,36.0,독자망 100%로도 불가,독자망 100%로도 불가,962.2,3562.2,False,False
여가/오락,0.004,0.001,0.014,11.0,39.00000000000001,독자망 100%로도 불가,독자망 100%로도 불가,1062.2,3862.2000000000007,False,False
여가/오락,0.004,0.001,0.015,12.0,41.99999999999999,독자망 100%로도 불가,독자망 100%로도 불가,1162.2,4162.199999999999,False,False
여가/오락,0.004,0.001,0.016,13.0,45.0,독자망 100%로도 불가,독자망 100%로도 불가,1262.2,4462.2,False,False
여가/오락,0.004,0.001,0.017,14.0,48.0,독자망 100%로도 불가,독자망 100%로도 불가,1362.2,4762.2,False,False
여가/오락,0.004,0.001,0.018,14.999999999999998,50.999999999999986,독자망 100%로도 불가,독자망 100%로도 불가,1462.1999999999998,5062.199999999999,False,False
여가/오락,0.004,0.001,0.019,16.0,53.99999999999999,독자망 100%로도 불가,독자망 100%로도 불가,1562.2,5362.199999999999,False,False
여가/오락,0.004,0.001,0.02,17.0,56.99999999999999,독자망 100%로도 불가,독자망 100%로도 불가,1662.2,5662.199999999999,False,False
여가/오락,0.004,0.0015,0.003,0.33333333333333337,4.333333333333334,현재 독자망 비중으로 성립,독자망 100%로도 불가,-4.466666666666663,395.53333333333336,False,True
여가/오락,0.004,0.0015,0.004,1.0,6.333333333333333,독자망 추가 전환 필요,독자망 100%로도 불가,62.2,595.5333333333333,False,False
여가/오락,0.004,0.0015,0.005,1.6666666666666665,8.333333333333332,독자망 100%로도 불가,독자망 100%로도 불가,128.86666666666665,795.5333333333332,False,False
여가/오락,0.004,0.0015,0.006,2.333333333333333,10.333333333333334,독자망 100%로도 불가,독자망 100%로도 불가,195.5333333333333,995.5333333333334,False,False
여가/오락,0.004,0.0015,0.007,3.0,12.333333333333334,독자망 100%로도 불가,독자망 100%로도 불가,262.2,1195.5333333333333,False,False
여가/오락,0.004,0.0015,0.008,3.6666666666666665,14.333333333333334,독자망 100%로도 불가,독자망 100%로도 불가,328.8666666666666,1395.5333333333333,False,False
여가/오락,0.004,0.0015,0.009,4.333333333333332,16.33333333333333,독자망 100%로도 불가,독자망 100%로도 불가,395.5333333333332,1595.5333333333328,False,False
여가/오락,0.004,0.0015,0.01,5.0,18.333333333333332,독자망 100%로도 불가,독자망 100%로도 불가,462.2,1795.5333333333333,False,False
여가/오락,0.004,0.0015,0.011,5.666666666666666,20.333333333333332,독자망 100%로도 불가,독자망 100%로도 불가,528.8666666666666,1995.5333333333333,False,False
여가/오락,0.004,0.0015,0.012,6.333333333333333,22.333333333333332,독자망 100%로도 불가,독자망 100%로도 불가,595.5333333333333,2195.5333333333333,False,False
여가/오락,0.004,0.0015,0.013,6.999999999999999,24.333333333333336,독자망 100%로도 불가,독자망 100%로도 불가,662.1999999999999,2395.5333333333338,False,False
여가/오락,0.004,0.0015,0.014,7.666666666666667,26.333333333333336,독자망 100%로도 불가,독자망 100%로도 불가,728.8666666666667,2595.5333333333338,False,False
여가/오락,0.004,0.0015,0.015,8.333333333333332,28.33333333333333,독자망 100%로도 불가,독자망 100%로도 불가,795.5333333333332,2795.533333333333,False,False
여가/오락,0.004,0.0015,0.016,9.0,30.333333333333332,독자망 100%로도 불가,독자망 100%로도 불가,862.2,2995.5333333333333,False,False
여가/오락,0.004,0.0015,0.017,9.666666666666668,32.33333333333333,독자망 100%로도 불가,독자망 100%로도 불가,928.8666666666668,3195.533333333333,False,False
여가/오락,0.004,0.0015,0.018,10.333333333333332,34.33333333333333,독자망 100%로도 불가,독자망 100%로도 불가,995.5333333333332,3395.533333333333,False,False
여가/오락,0.004,0.0015,0.019,11.0,36.33333333333333,독자망 100%로도 불가,독자망 100%로도 불가,1062.2,3595.533333333333,False,False
여가/오락,0.004,0.0015,0.02,11.666666666666666,38.33333333333333,독자망 100%로도 불가,독자망 100%로도 불가,1128.8666666666666,3795.533333333333,False,False
여가/오락,0.004,0.001942,0.003,0.4850669412976313,3.574665293511844,독자망 추가 전환 필요,독자망 100%로도 불가,10.706694129763129,319.6665293511844,False,False
여가/오락,0.004,0.001942,0.004,1.0,5.11946446961895,독자망 추가 전환 필요,독자망 100%로도 불가,62.2,474.146446961895,False,False
여가/오락,0.004,0.001942,0.005,1.5149330587023688,6.664263645726056,독자망 100%로도 불가,독자망 100%로도 불가,113.69330587023687,628.6263645726056,False,False
여가/오락,0.004,0.001942,0.006,2.0298661174047377,8.209062821833163,독자망 100%로도 불가,독자망 100%로도 불가,165.18661174047375,783.1062821833162,False,False
여가/오락,0.004,0.001942,0.007,2.544799176107106,9.753861997940268,독자망 100%로도 불가,독자망 100%로도 불가,216.6799176107106,937.5861997940268,False,False
여가/오락,0.004,0.001942,0.008,3.059732234809475,11.298661174047375,독자망 100%로도 불가,독자망 100%로도 불가,268.17322348094746,1092.0661174047375,False,False
여가/오락,0.004,0.001942,0.009,3.5746652935118433,12.843460350154478,독자망 100%로도 불가,독자망 100%로도 불가,319.6665293511843,1246.5460350154478,False,False
여가/오락,0.004,0.001942,0.01,4.089598352214212,14.388259526261585,독자망 100%로도 불가,독자망 100%로도 불가,371.1598352214212,1401.0259526261584,False,False
여가/오락,0.004,0.001942,0.011,4.6045314109165805,15.933058702368694,독자망 100%로도 불가,독자망 100%로도 불가,422.65314109165803,1555.5058702368694,False,False
여가/오락,0.004,0.001942,0.012,5.11946446961895,17.4778578784758,독자망 100%로도 불가,독자망 100%로도 불가,474.146446961895,1709.9857878475798,False,False
여가/오락,0.004,0.001942,0.013,5.634397528321318,19.022657054582908,독자망 100%로도 불가,독자망 100%로도 불가,525.6397528321318,1864.4657054582908,False,False
여가/오락,0.004,0.001942,0.014,6.149330587023687,20.567456230690013,독자망 100%로도 불가,독자망 100%로도 불가,577.1330587023688,2018.9456230690012,False,False
여가/오락,0.004,0.001942,0.015,6.664263645726056,22.112255406797114,독자망 100%로도 불가,독자망 100%로도 불가,628.6263645726056,2173.4255406797115,False,False
여가/오락,0.004,0.001942,0.016,7.179196704428425,23.657054582904223,독자망 100%로도 불가,독자망 100%로도 불가,680.1196704428424,2327.9054582904223,False,False
여가/오락,0.004,0.001942,0.017,7.694129763130793,25.20185375901133,독자망 100%로도 불가,독자망 100%로도 불가,731.6129763130793,2482.3853759011326,False,False
여가/오락,0.004,0.001942,0.018,8.209062821833161,26.74665293511843,독자망 100%로도 불가,독자망 100%로도 불가,783.1062821833161,2636.865293511843,False,False
여가/오락,0.004,0.001942,0.019,8.72399588053553,28.29145211122554,독자망 100%로도 불가,독자망 100%로도 불가,834.5995880535529,2791.345211122554,False,False
여가/오락,0.004,0.001942,0.02,9.2389289392379,29.836251287332644,독자망 100%로도 불가,독자망 100%로도 불가,886.0928939237899,2945.825128733264,False,False
여가/오락,0.004,0.002,0.003,0.5,3.5000000000000004,독자망 추가 전환 필요,독자망 100%로도 불가,12.2,312.20000000000005,False,False
여가/오락,0.004,0.002,0.004,1.0,5.0,독자망 추가 전환 필요,독자망 100%로도 불가,62.2,462.2,False,False
여가/오락,0.004,0.002,0.005,1.5,6.5,독자망 100%로도 불가,독자망 100%로도 불가,112.19999999999999,612.2,False,False
여가/오락,0.004,0.002,0.006,2.0,8.0,독자망 100%로도 불가,독자망 100%로도 불가,162.2,762.2,False,False
여가/오락,0.004,0.002,0.007,2.5,9.5,독자망 100%로도 불가,독자망 100%로도 불가,212.2,912.2,False,False
여가/오락,0.004,0.002,0.008,3.0,11.0,독자망 100%로도 불가,독자망 100%로도 불가,262.2,1062.2,False,False
여가/오락,0.004,0.002,0.009,3.4999999999999996,12.499999999999998,독자망 100%로도 불가,독자망 100%로도 불가,312.19999999999993,1212.1999999999998,False,False
여가/오락,0.004,0.002,0.01,4.0,14.0,독자망 100%로도 불가,독자망 100%로도 불가,362.2,1362.2,False,False
여가/오락,0.004,0.002,0.011,4.5,15.5,독자망 100%로도 불가,독자망 100%로도 불가,412.2,1512.2,False,False
여가/오락,0.004,0.002,0.012,5.0,17.0,독자망 100%로도 불가,독자망 100%로도 불가,462.2,1662.2,False,False
여가/오락,0.004,0.002,0.013,5.5,18.5,독자망 100%로도 불가,독자망 100%로도 불가,512.2,1812.2,False,False
여가/오락,0.004,0.002,0.014,6.0,20.000000000000004,독자망 100%로도 불가,독자망 100%로도 불가,562.2,1962.2000000000003,False,False
여가/오락,0.004,0.002,0.015,6.5,21.499999999999996,독자망 100%로도 불가,독자망 100%로도 불가,612.2,2112.2,False,False
여가/오락,0.004,0.002,0.016,7.0,23.0,독자망 100%로도 불가,독자망 100%로도 불가,662.2,2262.2,False,False
여가/오락,0.004,0.002,0.017,7.5,24.5,독자망 100%로도 불가,독자망 100%로도 불가,712.2,2412.2,False,False
여가/오락,0.004,0.002,0.018,7.999999999999999,25.999999999999993,독자망 100%로도 불가,독자망 100%로도 불가,762.1999999999999,2562.1999999999994,False,False
여가/오락,0.004,0.002,0.019,8.5,27.499999999999996,독자망 100%로도 불가,독자망 100%로도 불가,812.2,2712.2,False,False
여가/오락,0.004,0.002,0.02,9.0,28.999999999999996,독자망 100%로도 불가,독자망 100%로도 불가,862.2,2862.2,False,False
여가/오락,0.004,0.0025,0.003,0.6,3.0000000000000004,독자망 추가 전환 필요,독자망 100%로도 불가,22.199999999999996,262.20000000000005,False,False
여가/오락,0.004,0.0025,0.004,1.0,4.2,독자망 추가 전환 필요,독자망 100%로도 불가,62.2,382.2,False,False
여가/오락,0.004,0.0025,0.005,1.4,5.3999999999999995,독자망 100%로도 불가,독자망 100%로도 불가,102.19999999999997,502.19999999999993,False,False
여가/오락,0.004,0.0025,0.006,1.8,6.6000000000000005,독자망 100%로도 불가,독자망 100%로도 불가,142.20000000000002,622.2,False,False
여가/오락,0.004,0.0025,0.007,2.2,7.800000000000001,독자망 100%로도 불가,독자망 100%로도 불가,182.20000000000002,742.2,False,False
여가/오락,0.004,0.0025,0.008,2.6,9.0,독자망 100%로도 불가,독자망 100%로도 불가,222.2,862.2,False,False
여가/오락,0.004,0.0025,0.009,2.9999999999999996,10.199999999999998,독자망 100%로도 불가,독자망 100%로도 불가,262.19999999999993,982.1999999999997,False,False
여가/오락,0.004,0.0025,0.01,3.4,11.399999999999999,독자망 100%로도 불가,독자망 100%로도 불가,302.2,1102.1999999999998,False,False
여가/오락,0.004,0.0025,0.011,3.8,12.6,독자망 100%로도 불가,독자망 100%로도 불가,342.2,1222.2,False,False
여가/오락,0.004,0.0025,0.012,4.2,13.8,독자망 100%로도 불가,독자망 100%로도 불가,382.2,1342.2,False,False
여가/오락,0.004,0.0025,0.013,4.6,15.000000000000002,독자망 100%로도 불가,독자망 100%로도 불가,422.19999999999993,1462.2000000000003,False,False
여가/오락,0.004,0.0025,0.014,5.0,16.200000000000003,독자망 100%로도 불가,독자망 100%로도 불가,462.2,1582.2000000000003,False,False
여가/오락,0.004,0.0025,0.015,5.3999999999999995,17.4,독자망 100%로도 불가,독자망 100%로도 불가,502.19999999999993,1702.1999999999998,False,False
여가/오락,0.004,0.0025,0.016,5.8,18.599999999999998,독자망 100%로도 불가,독자망 100%로도 불가,542.1999999999999,1822.1999999999998,False,False
여가/오락,0.004,0.0025,0.017,6.2,19.8,독자망 100%로도 불가,독자망 100%로도 불가,582.2,1942.2,False,False
여가/오락,0.004,0.0025,0.018,6.6,20.999999999999996,독자망 100%로도 불가,독자망 100%로도 불가,622.1999999999999,2062.2,False,False
여가/오락,0.004,0.0025,0.019,7.0,22.199999999999996,독자망 100%로도 불가,독자망 100%로도 불가,662.2,2182.1999999999994,False,False
여가/오락,0.004,0.0025,0.02,7.4,23.4,독자망 100%로도 불가,독자망 100%로도 불가,702.2,2302.2,False,False
의료/건강,0.01,0.0005,0.003,-13.0,-0.9999999999999982,결제망 무관하게 이미 성립,결제망 무관하게 이미 성립,-1337.8,-137.79999999999984,True,True
의료/건강,0.01,0.0005,0.004,-11.0,5.0,결제망 무관하게 이미 성립,독자망 100%로도 불가,-1137.8,462.2,True,True
의료/건강,0.01,0.0005,0.005,-9.0,10.999999999999998,결제망 무관하게 이미 성립,독자망 100%로도 불가,-937.8,1062.1999999999998,True,True
의료/건강,0.01,0.0005,0.006,-7.0,17.000000000000004,결제망 무관하게 이미 성립,독자망 100%로도 불가,-737.8,1662.2000000000003,True,True
의료/건강,0.01,0.0005,0.007,-5.0,23.0,결제망 무관하게 이미 성립,독자망 100%로도 불가,-537.8,2262.2,True,True
의료/건강,0.01,0.0005,0.008,-3.0,29.0,결제망 무관하게 이미 성립,독자망 100%로도 불가,-337.8,2862.2,True,True
의료/건강,0.01,0.0005,0.009,-1.0000000000000018,34.999999999999986,결제망 무관하게 이미 성립,독자망 100%로도 불가,-137.80000000000018,3462.1999999999985,True,True
의료/건강,0.01,0.0005,0.01,1.0,40.99999999999999,독자망 추가 전환 필요,독자망 100%로도 불가,62.2,4062.1999999999994,False,False
의료/건강,0.01,0.0005,0.011,2.9999999999999982,47.0,독자망 100%로도 불가,독자망 100%로도 불가,262.1999999999998,4662.2,False,False
의료/건강,0.01,0.0005,0.012,5.0,53.0,독자망 100%로도 불가,독자망 100%로도 불가,462.2,5262.2,False,False
의료/건강,0.01,0.0005,0.013,6.999999999999998,58.99999999999999,독자망 100%로도 불가,독자망 100%로도 불가,662.1999999999998,5862.199999999999,False,False
의료/건강,0.01,0.0005,0.014,9.0,65.0,독자망 100%로도 불가,독자망 100%로도 불가,862.2,6462.2,False,False
의료/건강,0.01,0.0005,0.015,10.999999999999998,70.99999999999999,독자망 100%로도 불가,독자망 100%로도 불가,1062.1999999999998,7062.199999999999,False,False
의료/건강,0.01,0.0005,0.016,13.0,77.0,독자망 100%로도 불가,독자망 100%로도 불가,1262.2,7662.2,False,False
의료/건강,0.01,0.0005,0.017,15.000000000000002,83.0,독자망 100%로도 불가,독자망 100%로도 불가,1462.2000000000003,8262.2,False,False
의료/건강,0.01,0.0005,0.018,16.999999999999996,88.99999999999999,독자망 100%로도 불가,독자망 100%로도 불가,1662.1999999999996,8862.199999999999,False,False
의료/건강,0.01,0.0005,0.019,19.0,94.99999999999999,독자망 100%로도 불가,독자망 100%로도 불가,1862.2,9462.199999999999,False,False
의료/건강,0.01,0.0005,0.02,21.0,100.99999999999999,독자망 100%로도 불가,독자망 100%로도 불가,2062.2,10062.199999999999,False,False
의료/건강,0.01,0.001,0.003,-6.0,8.881784197001252e-16,결제망 무관하게 이미 성립,현재 독자망 비중으로 성립,-637.8,-37.79999999999991,True,True
의료/건강,0.01,0.001,0.004,-5.0,3.0,결제망 무관하게 이미 성립,독자망 100%로도 불가,-537.8,262.2,True,True
의료/건강,0.01,0.001,0.005,-4.0,5.999999999999999,결제망 무관하게 이미 성립,독자망 100%로도 불가,-437.8,562.1999999999999,True,True
의료/건강,0.01,0.001,0.006,-3.0,9.000000000000002,결제망 무관하게 이미 성립,독자망 100%로도 불가,-337.8,862.2000000000002,True,True
의료/건강,0.01,0.001,0.007,-2.0,12.0,결제망 무관하게 이미 성립,독자망 100%로도 불가,-237.8,1162.2,True,True
의료/건강,0.01,0.001,0.008,-1.0,15.0,결제망 무관하게 이미 성립,독자망 100%로도 불가,-137.8,1462.2,True,True
의료/건강,0.01,0.001,0.009,-8.881784197001252e-16,17.999999999999993,결제망 무관하게 이미 성립,독자망 100%로도 불가,-37.80000000000009,1762.1999999999994,True,True
의료/건강,0.01,0.001,0.01,1.0,20.999999999999996,독자망 추가 전환 필요,독자망 100%로도 불가,62.2,2062.2,False,False
의료/건강,0.01,0.001,0.011,1.9999999999999991,24.0,독자망 100%로도 불가,독자망 100%로도 불가,162.1999999999999,2362.2,False,False
의료/건강,0.01,0.001,0.012,3.0,27.0,독자망 100%로도 불가,독자망 100%로도 불가,262.2,2662.2,False,False
의료/건강,0.01,0.001,0.013,3.999999999999999,29.999999999999996,독자망 100%로도 불가,독자망 100%로도 불가,362.1999999999999,2962.2,False,False
의료/건강,0.01,0.001,0.014,5.0,33.0,독자망 100%로도 불가,독자망 100%로도 불가,462.2,3262.2,False,False
의료/건강,0.01,0.001,0.015,5.999999999999999,35.99999999999999,독자망 100%로도 불가,독자망 100%로도 불가,562.1999999999999,3562.1999999999994,False,False
의료/건강,0.01,0.001,0.016,7.0,39.0,독자망 100%로도 불가,독자망 100%로도 불가,662.2,3862.2,False,False
의료/건강,0.01,0.001,0.017,8.0,42.0,독자망 100%로도 불가,독자망 100%로도 불가,762.2,4162.2,False,False
의료/건강,0.01,0.001,0.018,8.999999999999998,44.99999999999999,독자망 100%로도 불가,독자망 100%로도 불가,862.1999999999998,4462.199999999999,False,False
의료/건강,0.01,0.001,0.019,10.0,47.99999999999999,독자망 100%로도 불가,독자망 100%로도 불가,962.2,4762.199999999999,False,False
의료/건강,0.01,0.001,0.02,11.0,50.99999999999999,독자망 100%로도 불가,독자망 100%로도 불가,1062.2,5062.199999999999,False,False
의료/건강,0.01,0.0015,0.003,-3.666666666666667,0.3333333333333339,결제망 무관하게 이미 성립,현재 독자망 비중으로 성립,-404.4666666666667,-4.466666666666608,True,True
의료/건강,0.01,0.0015,0.004,-3.0,2.333333333333333,결제망 무관하게 이미 성립,독자망 100%로도 불가,-337.8,195.5333333333333,True,True
의료/건강,0.01,0.0015,0.005,-2.3333333333333335,4.333333333333332,결제망 무관하게 이미 성립,독자망 100%로도 불가,-271.1333333333334,395.5333333333332,True,True
의료/건강,0.01,0.0015,0.006,-1.6666666666666665,6.333333333333335,결제망 무관하게 이미 성립,독자망 100%로도 불가,-204.46666666666667,595.5333333333334,True,True
의료/건강,0.01,0.0015,0.007,-1.0,8.333333333333334,결제망 무관하게 이미 성립,독자망 100%로도 불가,-137.8,795.5333333333334,True,True
의료/건강,0.01,0.0015,0.008,-0.33333333333333326,10.333333333333334,결제망 무관하게 이미 성립,독자망 100%로도 불가,-71.13333333333333,995.5333333333334,True,True
의료/건강,0.01,0.0015,0.009,0.3333333333333327,12.333333333333329,현재 독자망 비중으로 성립,독자망 100%로도 불가,-4.46666666666673,1195.5333333333328,False,True
의료/건강,0.01,0.0015,0.01,1.0,14.33333333333333,독자망 추가 전환 필요,독자망 100%로도 불가,62.2,1395.533333333333,False,False
의료/건강,0.01,0.0015,0.011,1.666666666666666,16.333333333333332,독자망 100%로도 불가,독자망 100%로도 불가,128.8666666666666,1595.5333333333333,False,False
의료/건강,0.01,0.0015,0.012,2.333333333333333,18.333333333333336,독자망 100%로도 불가,독자망 100%로도 불가,195.5333333333333,1795.5333333333335,False,False
의료/건강,0.01,0.0015,0.013,2.999999999999999,20.333333333333332,독자망 100%로도 불가,독자망 100%로도 불가,262.1999999999999,1995.5333333333333,False,False
의료/건강,0.01,0.0015,0.014,3.6666666666666665,22.333333333333332,독자망 100%로도 불가,독자망 100%로도 불가,328.8666666666666,2195.5333333333333,False,False
의료/건강,0.01,0.0015,0.015,4.333333333333332,24.333333333333332,독자망 100%로도 불가,독자망 100%로도 불가,395.5333333333332,2395.5333333333333,False,False
의료/건강,0.01,0.0015,0.016,5.0,26.333333333333332,독자망 100%로도 불가,독자망 100%로도 불가,462.2,2595.5333333333333,False,False
의료/건강,0.01,0.0015,0.017,5.666666666666667,28.333333333333332,독자망 100%로도 불가,독자망 100%로도 불가,528.8666666666667,2795.5333333333333,False,False
의료/건강,0.01,0.0015,0.018,6.333333333333332,30.333333333333325,독자망 100%로도 불가,독자망 100%로도 불가,595.5333333333332,2995.5333333333324,False,False
의료/건강,0.01,0.0015,0.019,6.999999999999999,32.33333333333333,독자망 100%로도 불가,독자망 100%로도 불가,662.1999999999999,3195.533333333333,False,False
의료/건강,0.01,0.0015,0.02,7.666666666666667,34.33333333333333,독자망 100%로도 불가,독자망 100%로도 불가,728.8666666666667,3395.533333333333,False,False
의료/건강,0.01,0.001942,0.003,-2.604531410916581,0.4850669412976317,결제망 무관하게 이미 성립,독자망 추가 전환 필요,-298.2531410916581,10.706694129763171,True,True
의료/건강,0.01,0.001942,0.004,-2.0895983522142125,2.0298661174047377,결제망 무관하게 이미 성립,독자망 100%로도 불가,-246.75983522142127,165.18661174047375,True,True
의료/건강,0.01,0.001942,0.005,-1.5746652935118437,3.5746652935118433,결제망 무관하게 이미 성립,독자망 100%로도 불가,-195.26652935118437,319.6665293511843,True,True
의료/건강,0.01,0.001942,0.006,-1.0597322348094749,5.119464469618951,결제망 무관하게 이미 성립,독자망 100%로도 불가,-143.7732234809475,474.14644696189504,True,True
의료/건강,0.01,0.001942,0.007,-0.5447991761071063,6.664263645726057,결제망 무관하게 이미 성립,독자망 100%로도 불가,-92.27991761071063,628.6263645726057,True,True
의료/건강,0.01,0.001942,0.008,-0.029866117404737436,8.209062821833161,결제망 무관하게 이미 성립,독자망 100%로도 불가,-40.786611740473745,783.1062821833161,True,True
의료/건강,0.01,0.001942,0.009,0.48506694129763084,9.753861997940264,독자망 추가 전환 필요,독자망 100%로도 불가,10.706694129763083,937.5861997940265,False,False
의료/건강,0.01,0.001942,0.01,1.0,11.298661174047373,독자망 추가 전환 필요,독자망 100%로도 불가,62.2,1092.0661174047373,False,False
의료/건강,0.01,0.001942,0.011,1.5149330587023684,12.84346035015448,독자망 100%로도 불가,독자망 100%로도 불가,113.69330587023683,1246.546035015448,False,False
의료/건강,0.01,0.001942,0.012,2.0298661174047377,14.388259526261587,독자망 100%로도 불가,독자망 100%로도 불가,165.18661174047375,1401.0259526261586,False,False
의료/건강,0.01,0.001942,0.013,2.544799176107106,15.933058702368692,독자망 100%로도 불가,독자망 100%로도 불가,216.6799176107106,1555.5058702368692,False,False
의료/건강,0.01,0.001942,0.014,3.059732234809475,17.4778578784758,독자망 100%로도 불가,독자망 100%로도 불가,268.17322348094746,1709.9857878475798,False,False
의료/건강,0.01,0.001942,0.015,3.5746652935118433,19.022657054582904,독자망 100%로도 불가,독자망 100%로도 불가,319.6665293511843,1864.4657054582904,False,False
의료/건강,0.01,0.001942,0.016,4.089598352214212,20.56745623069001,독자망 100%로도 불가,독자망 100%로도 불가,371.1598352214212,2018.945623069001,False,False
의료/건강,0.01,0.001942,0.017,4.604531410916581,22.112255406797118,독자망 100%로도 불가,독자망 100%로도 불가,422.65314109165814,2173.425540679712,False,False
의료/건강,0.01,0.001942,0.018,5.119464469618949,23.65705458290422,독자망 100%로도 불가,독자망 100%로도 불가,474.14644696189487,2327.905458290422,False,False
의료/건강,0.01,0.001942,0.019,5.634397528321318,25.201853759011325,독자망 100%로도 불가,독자망 100%로도 불가,525.6397528321318,2482.3853759011326,False,False
의료/건강,0.01,0.001942,0.02,6.149330587023687,26.746652935118433,독자망 100%로도 불가,독자망 100%로도 불가,577.1330587023688,2636.8652935118434,False,False
의료/건강,0.01,0.002,0.003,-2.5,0.5000000000000004,결제망 무관하게 이미 성립,독자망 추가 전환 필요,-287.8,12.200000000000044,True,True
의료/건강,0.01,0.002,0.004,-2.0,2.0,결제망 무관하게 이미 성립,독자망 100%로도 불가,-237.8,162.2,True,True
의료/건강,0.01,0.002,0.005,-1.5,3.4999999999999996,결제망 무관하게 이미 성립,독자망 100%로도 불가,-187.8,312.19999999999993,True,True
의료/건강,0.01,0.002,0.006,-1.0,5.000000000000001,결제망 무관하게 이미 성립,독자망 100%로도 불가,-137.8,462.2000000000001,True,True
의료/건강,0.01,0.002,0.007,-0.5,6.5,결제망 무관하게 이미 성립,독자망 100%로도 불가,-87.8,612.2,True,True
의료/건강,0.01,0.002,0.008,0.0,8.0,결제망 무관하게 이미 성립,독자망 100%로도 불가,-37.8,762.2,True,True
의료/건강,0.01,0.002,0.009,0.49999999999999956,9.499999999999996,독자망 추가 전환 필요,독자망 100%로도 불가,12.199999999999955,912.1999999999996,False,False
의료/건강,0.01,0.002,0.01,1.0,10.999999999999998,독자망 추가 전환 필요,독자망 100%로도 불가,62.2,1062.1999999999998,False,False
의료/건강,0.01,0.002,0.011,1.4999999999999996,12.5,독자망 100%로도 불가,독자망 100%로도 불가,112.19999999999995,1212.2,False,False
의료/건강,0.01,0.002,0.012,2.0,14.0,독자망 100%로도 불가,독자망 100%로도 불가,162.2,1362.2,False,False
의료/건강,0.01,0.002,0.013,2.4999999999999996,15.499999999999998,독자망 100%로도 불가,독자망 100%로도 불가,212.19999999999993,1512.1999999999998,False,False
의료/건강,0.01,0.002,0.014,3.0,17.0,독자망 100%로도 불가,독자망 100%로도 불가,262.2,1662.2,False,False
의료/건강,0.01,0.002,0.015,3.4999999999999996,18.499999999999996,독자망 100%로도 불가,독자망 100%로도 불가,312.19999999999993,1812.1999999999996,False,False
의료/건강,0.01,0.002,0.016,4.0,20.0,독자망 100%로도 불가,독자망 100%로도 불가,362.2,1962.2,False,False
의료/건강,0.01,0.002,0.017,4.5,21.5,독자망 100%로도 불가,독자망 100%로도 불가,412.2,2112.2,False,False
의료/건강,0.01,0.002,0.018,4.999999999999999,22.999999999999996,독자망 100%로도 불가,독자망 100%로도 불가,462.1999999999999,2262.2,False,False
의료/건강,0.01,0.002,0.019,5.5,24.499999999999996,독자망 100%로도 불가,독자망 100%로도 불가,512.2,2412.2,False,False
의료/건강,0.01,0.002,0.02,6.0,25.999999999999996,독자망 100%로도 불가,독자망 100%로도 불가,562.2,2562.2,False,False
의료/건강,0.01,0.0025,0.003,-1.7999999999999998,0.6000000000000003,결제망 무관하게 이미 성립,독자망 추가 전환 필요,-217.79999999999998,22.20000000000003,True,True
의료/건강,0.01,0.0025,0.004,-1.4,1.8,결제망 무관하게 이미 성립,독자망 100%로도 불가,-177.8,142.20000000000002,True,True
의료/건강,0.01,0.0025,0.005,-1.0,2.9999999999999996,결제망 무관하게 이미 성립,독자망 100%로도 불가,-137.8,262.19999999999993,True,True
의료/건강,0.01,0.0025,0.006,-0.6000000000000001,4.200000000000001,결제망 무관하게 이미 성립,독자망 100%로도 불가,-97.80000000000001,382.2000000000001,True,True
의료/건강,0.01,0.0025,0.007,-0.19999999999999996,5.4,결제망 무관하게 이미 성립,독자망 100%로도 불가,-57.8,502.20000000000005,True,True
의료/건강,0.01,0.0025,0.008,0.19999999999999996,6.6,현재 독자망 비중으로 성립,독자망 100%로도 불가,-17.800000000000004,622.1999999999999,False,True
의료/건강,0.01,0.0025,0.009,0.5999999999999996,7.799999999999997,독자망 추가 전환 필요,독자망 100%로도 불가,22.199999999999964,742.1999999999997,False,False
의료/건강,0.01,0.0025,0.01,1.0,8.999999999999998,독자망 추가 전환 필요,독자망 100%로도 불가,62.2,862.1999999999998,False,False
의료/건강,0.01,0.0025,0.011,1.3999999999999997,10.2,독자망 100%로도 불가,독자망 100%로도 불가,102.19999999999997,982.1999999999999,False,False
의료/건강,0.01,0.0025,0.012,1.8,11.4,독자망 100%로도 불가,독자망 100%로도 불가,142.20000000000002,1102.2,False,False
의료/건강,0.01,0.0025,0.013,2.1999999999999997,12.6,독자망 100%로도 불가,독자망 100%로도 불가,182.19999999999996,1222.2,False,False
의료/건강,0.01,0.0025,0.014,2.6,13.8,독자망 100%로도 불가,독자망 100%로도 불가,222.2,1342.2,False,False
의료/건강,0.01,0.0025,0.015,2.9999999999999996,14.999999999999998,독자망 100%로도 불가,독자망 100%로도 불가,262.19999999999993,1462.1999999999998,False,False
의료/건강,0.01,0.0025,0.016,3.4,16.2,독자망 100%로도 불가,독자망 100%로도 불가,302.2,1582.1999999999998,False,False
의료/건강,0.01,0.0025,0.017,3.8000000000000003,17.4,독자망 100%로도 불가,독자망 100%로도 불가,342.2,1702.1999999999998,False,False
의료/건강,0.01,0.0025,0.018,4.199999999999999,18.599999999999994,독자망 100%로도 불가,독자망 100%로도 불가,382.19999999999993,1822.1999999999994,False,False
의료/건강,0.01,0.0025,0.019,4.6,19.799999999999997,독자망 100%로도 불가,독자망 100%로도 불가,422.19999999999993,1942.1999999999998,False,False
의료/건강,0.01,0.0025,0.02,5.0,20.999999999999996,독자망 100%로도 불가,독자망 100%로도 불가,462.2,2062.2,False,False
학문/교육,0.01,0.0005,0.003,-13.0,-0.9999999999999982,결제망 무관하게 이미 성립,결제망 무관하게 이미 성립,-1337.8,-137.79999999999984,True,True
학문/교육,0.01,0.0005,0.004,-11.0,5.0,결제망 무관하게 이미 성립,독자망 100%로도 불가,-1137.8,462.2,True,True
학문/교육,0.01,0.0005,0.005,-9.0,10.999999999999998,결제망 무관하게 이미 성립,독자망 100%로도 불가,-937.8,1062.1999999999998,True,True
학문/교육,0.01,0.0005,0.006,-7.0,17.000000000000004,결제망 무관하게 이미 성립,독자망 100%로도 불가,-737.8,1662.2000000000003,True,True
학문/교육,0.01,0.0005,0.007,-5.0,23.0,결제망 무관하게 이미 성립,독자망 100%로도 불가,-537.8,2262.2,True,True
학문/교육,0.01,0.0005,0.008,-3.0,29.0,결제망 무관하게 이미 성립,독자망 100%로도 불가,-337.8,2862.2,True,True
학문/교육,0.01,0.0005,0.009,-1.0000000000000018,34.999999999999986,결제망 무관하게 이미 성립,독자망 100%로도 불가,-137.80000000000018,3462.1999999999985,True,True
학문/교육,0.01,0.0005,0.01,1.0,40.99999999999999,독자망 추가 전환 필요,독자망 100%로도 불가,62.2,4062.1999999999994,False,False
학문/교육,0.01,0.0005,0.011,2.9999999999999982,47.0,독자망 100%로도 불가,독자망 100%로도 불가,262.1999999999998,4662.2,False,False
학문/교육,0.01,0.0005,0.012,5.0,53.0,독자망 100%로도 불가,독자망 100%로도 불가,462.2,5262.2,False,False
학문/교육,0.01,0.0005,0.013,6.999999999999998,58.99999999999999,독자망 100%로도 불가,독자망 100%로도 불가,662.1999999999998,5862.199999999999,False,False
학문/교육,0.01,0.0005,0.014,9.0,65.0,독자망 100%로도 불가,독자망 100%로도 불가,862.2,6462.2,False,False
학문/교육,0.01,0.0005,0.015,10.999999999999998,70.99999999999999,독자망 100%로도 불가,독자망 100%로도 불가,1062.1999999999998,7062.199999999999,False,False
학문/교육,0.01,0.0005,0.016,13.0,77.0,독자망 100%로도 불가,독자망 100%로도 불가,1262.2,7662.2,False,False
학문/교육,0.01,0.0005,0.017,15.000000000000002,83.0,독자망 100%로도 불가,독자망 100%로도 불가,1462.2000000000003,8262.2,False,False
학문/교육,0.01,0.0005,0.018,16.999999999999996,88.99999999999999,독자망 100%로도 불가,독자망 100%로도 불가,1662.1999999999996,8862.199999999999,False,False
학문/교육,0.01,0.0005,0.019,19.0,94.99999999999999,독자망 100%로도 불가,독자망 100%로도 불가,1862.2,9462.199999999999,False,False
학문/교육,0.01,0.0005,0.02,21.0,100.99999999999999,독자망 100%로도 불가,독자망 100%로도 불가,2062.2,10062.199999999999,False,False
학문/교육,0.01,0.001,0.003,-6.0,8.881784197001252e-16,결제망 무관하게 이미 성립,현재 독자망 비중으로 성립,-637.8,-37.79999999999991,True,True
학문/교육,0.01,0.001,0.004,-5.0,3.0,결제망 무관하게 이미 성립,독자망 100%로도 불가,-537.8,262.2,True,True
학문/교육,0.01,0.001,0.005,-4.0,5.999999999999999,결제망 무관하게 이미 성립,독자망 100%로도 불가,-437.8,562.1999999999999,True,True
학문/교육,0.01,0.001,0.006,-3.0,9.000000000000002,결제망 무관하게 이미 성립,독자망 100%로도 불가,-337.8,862.2000000000002,True,True
학문/교육,0.01,0.001,0.007,-2.0,12.0,결제망 무관하게 이미 성립,독자망 100%로도 불가,-237.8,1162.2,True,True
학문/교육,0.01,0.001,0.008,-1.0,15.0,결제망 무관하게 이미 성립,독자망 100%로도 불가,-137.8,1462.2,True,True
학문/교육,0.01,0.001,0.009,-8.881784197001252e-16,17.999999999999993,결제망 무관하게 이미 성립,독자망 100%로도 불가,-37.80000000000009,1762.1999999999994,True,True
학문/교육,0.01,0.001,0.01,1.0,20.999999999999996,독자망 추가 전환 필요,독자망 100%로도 불가,62.2,2062.2,False,False
학문/교육,0.01,0.001,0.011,1.9999999999999991,24.0,독자망 100%로도 불가,독자망 100%로도 불가,162.1999999999999,2362.2,False,False
학문/교육,0.01,0.001,0.012,3.0,27.0,독자망 100%로도 불가,독자망 100%로도 불가,262.2,2662.2,False,False
학문/교육,0.01,0.001,0.013,3.999999999999999,29.999999999999996,독자망 100%로도 불가,독자망 100%로도 불가,362.1999999999999,2962.2,False,False
학문/교육,0.01,0.001,0.014,5.0,33.0,독자망 100%로도 불가,독자망 100%로도 불가,462.2,3262.2,False,False
학문/교육,0.01,0.001,0.015,5.999999999999999,35.99999999999999,독자망 100%로도 불가,독자망 100%로도 불가,562.1999999999999,3562.1999999999994,False,False
학문/교육,0.01,0.001,0.016,7.0,39.0,독자망 100%로도 불가,독자망 100%로도 불가,662.2,3862.2,False,False
학문/교육,0.01,0.001,0.017,8.0,42.0,독자망 100%로도 불가,독자망 100%로도 불가,762.2,4162.2,False,False
학문/교육,0.01,0.001,0.018,8.999999999999998,44.99999999999999,독자망 100%로도 불가,독자망 100%로도 불가,862.1999999999998,4462.199999999999,False,False
학문/교육,0.01,0.001,0.019,10.0,47.99999999999999,독자망 100%로도 불가,독자망 100%로도 불가,962.2,4762.199999999999,False,False
학문/교육,0.01,0.001,0.02,11.0,50.99999999999999,독자망 100%로도 불가,독자망 100%로도 불가,1062.2,5062.199999999999,False,False
학문/교육,0.01,0.0015,0.003,-3.666666666666667,0.3333333333333339,결제망 무관하게 이미 성립,현재 독자망 비중으로 성립,-404.4666666666667,-4.466666666666608,True,True
학문/교육,0.01,0.0015,0.004,-3.0,2.333333333333333,결제망 무관하게 이미 성립,독자망 100%로도 불가,-337.8,195.5333333333333,True,True
학문/교육,0.01,0.0015,0.005,-2.3333333333333335,4.333333333333332,결제망 무관하게 이미 성립,독자망 100%로도 불가,-271.1333333333334,395.5333333333332,True,True
학문/교육,0.01,0.0015,0.006,-1.6666666666666665,6.333333333333335,결제망 무관하게 이미 성립,독자망 100%로도 불가,-204.46666666666667,595.5333333333334,True,True
학문/교육,0.01,0.0015,0.007,-1.0,8.333333333333334,결제망 무관하게 이미 성립,독자망 100%로도 불가,-137.8,795.5333333333334,True,True
학문/교육,0.01,0.0015,0.008,-0.33333333333333326,10.333333333333334,결제망 무관하게 이미 성립,독자망 100%로도 불가,-71.13333333333333,995.5333333333334,True,True
학문/교육,0.01,0.0015,0.009,0.3333333333333327,12.333333333333329,현재 독자망 비중으로 성립,독자망 100%로도 불가,-4.46666666666673,1195.5333333333328,False,True
학문/교육,0.01,0.0015,0.01,1.0,14.33333333333333,독자망 추가 전환 필요,독자망 100%로도 불가,62.2,1395.533333333333,False,False
학문/교육,0.01,0.0015,0.011,1.666666666666666,16.333333333333332,독자망 100%로도 불가,독자망 100%로도 불가,128.8666666666666,1595.5333333333333,False,False
학문/교육,0.01,0.0015,0.012,2.333333333333333,18.333333333333336,독자망 100%로도 불가,독자망 100%로도 불가,195.5333333333333,1795.5333333333335,False,False
학문/교육,0.01,0.0015,0.013,2.999999999999999,20.333333333333332,독자망 100%로도 불가,독자망 100%로도 불가,262.1999999999999,1995.5333333333333,False,False
학문/교육,0.01,0.0015,0.014,3.6666666666666665,22.333333333333332,독자망 100%로도 불가,독자망 100%로도 불가,328.8666666666666,2195.5333333333333,False,False
학문/교육,0.01,0.0015,0.015,4.333333333333332,24.333333333333332,독자망 100%로도 불가,독자망 100%로도 불가,395.5333333333332,2395.5333333333333,False,False
학문/교육,0.01,0.0015,0.016,5.0,26.333333333333332,독자망 100%로도 불가,독자망 100%로도 불가,462.2,2595.5333333333333,False,False
학문/교육,0.01,0.0015,0.017,5.666666666666667,28.333333333333332,독자망 100%로도 불가,독자망 100%로도 불가,528.8666666666667,2795.5333333333333,False,False
학문/교육,0.01,0.0015,0.018,6.333333333333332,30.333333333333325,독자망 100%로도 불가,독자망 100%로도 불가,595.5333333333332,2995.5333333333324,False,False
학문/교육,0.01,0.0015,0.019,6.999999999999999,32.33333333333333,독자망 100%로도 불가,독자망 100%로도 불가,662.1999999999999,3195.533333333333,False,False
학문/교육,0.01,0.0015,0.02,7.666666666666667,34.33333333333333,독자망 100%로도 불가,독자망 100%로도 불가,728.8666666666667,3395.533333333333,False,False
학문/교육,0.01,0.001942,0.003,-2.604531410916581,0.4850669412976317,결제망 무관하게 이미 성립,독자망 추가 전환 필요,-298.2531410916581,10.706694129763171,True,True
학문/교육,0.01,0.001942,0.004,-2.0895983522142125,2.0298661174047377,결제망 무관하게 이미 성립,독자망 100%로도 불가,-246.75983522142127,165.18661174047375,True,True
학문/교육,0.01,0.001942,0.005,-1.5746652935118437,3.5746652935118433,결제망 무관하게 이미 성립,독자망 100%로도 불가,-195.26652935118437,319.6665293511843,True,True
학문/교육,0.01,0.001942,0.006,-1.0597322348094749,5.119464469618951,결제망 무관하게 이미 성립,독자망 100%로도 불가,-143.7732234809475,474.14644696189504,True,True
학문/교육,0.01,0.001942,0.007,-0.5447991761071063,6.664263645726057,결제망 무관하게 이미 성립,독자망 100%로도 불가,-92.27991761071063,628.6263645726057,True,True
학문/교육,0.01,0.001942,0.008,-0.029866117404737436,8.209062821833161,결제망 무관하게 이미 성립,독자망 100%로도 불가,-40.786611740473745,783.1062821833161,True,True
학문/교육,0.01,0.001942,0.009,0.48506694129763084,9.753861997940264,독자망 추가 전환 필요,독자망 100%로도 불가,10.706694129763083,937.5861997940265,False,False
학문/교육,0.01,0.001942,0.01,1.0,11.298661174047373,독자망 추가 전환 필요,독자망 100%로도 불가,62.2,1092.0661174047373,False,False
학문/교육,0.01,0.001942,0.011,1.5149330587023684,12.84346035015448,독자망 100%로도 불가,독자망 100%로도 불가,113.69330587023683,1246.546035015448,False,False
학문/교육,0.01,0.001942,0.012,2.0298661174047377,14.388259526261587,독자망 100%로도 불가,독자망 100%로도 불가,165.18661174047375,1401.0259526261586,False,False
학문/교육,0.01,0.001942,0.013,2.544799176107106,15.933058702368692,독자망 100%로도 불가,독자망 100%로도 불가,216.6799176107106,1555.5058702368692,False,False
학문/교육,0.01,0.001942,0.014,3.059732234809475,17.4778578784758,독자망 100%로도 불가,독자망 100%로도 불가,268.17322348094746,1709.9857878475798,False,False
학문/교육,0.01,0.001942,0.015,3.5746652935118433,19.022657054582904,독자망 100%로도 불가,독자망 100%로도 불가,319.6665293511843,1864.4657054582904,False,False
학문/교육,0.01,0.001942,0.016,4.089598352214212,20.56745623069001,독자망 100%로도 불가,독자망 100%로도 불가,371.1598352214212,2018.945623069001,False,False
학문/교육,0.01,0.001942,0.017,4.604531410916581,22.112255406797118,독자망 100%로도 불가,독자망 100%로도 불가,422.65314109165814,2173.425540679712,False,False
학문/교육,0.01,0.001942,0.018,5.119464469618949,23.65705458290422,독자망 100%로도 불가,독자망 100%로도 불가,474.14644696189487,2327.905458290422,False,False
학문/교육,0.01,0.001942,0.019,5.634397528321318,25.201853759011325,독자망 100%로도 불가,독자망 100%로도 불가,525.6397528321318,2482.3853759011326,False,False
학문/교육,0.01,0.001942,0.02,6.149330587023687,26.746652935118433,독자망 100%로도 불가,독자망 100%로도 불가,577.1330587023688,2636.8652935118434,False,False
학문/교육,0.01,0.002,0.003,-2.5,0.5000000000000004,결제망 무관하게 이미 성립,독자망 추가 전환 필요,-287.8,12.200000000000044,True,True
학문/교육,0.01,0.002,0.004,-2.0,2.0,결제망 무관하게 이미 성립,독자망 100%로도 불가,-237.8,162.2,True,True
학문/교육,0.01,0.002,0.005,-1.5,3.4999999999999996,결제망 무관하게 이미 성립,독자망 100%로도 불가,-187.8,312.19999999999993,True,True
학문/교육,0.01,0.002,0.006,-1.0,5.000000000000001,결제망 무관하게 이미 성립,독자망 100%로도 불가,-137.8,462.2000000000001,True,True
학문/교육,0.01,0.002,0.007,-0.5,6.5,결제망 무관하게 이미 성립,독자망 100%로도 불가,-87.8,612.2,True,True
학문/교육,0.01,0.002,0.008,0.0,8.0,결제망 무관하게 이미 성립,독자망 100%로도 불가,-37.8,762.2,True,True
학문/교육,0.01,0.002,0.009,0.49999999999999956,9.499999999999996,독자망 추가 전환 필요,독자망 100%로도 불가,12.199999999999955,912.1999999999996,False,False
학문/교육,0.01,0.002,0.01,1.0,10.999999999999998,독자망 추가 전환 필요,독자망 100%로도 불가,62.2,1062.1999999999998,False,False
학문/교육,0.01,0.002,0.011,1.4999999999999996,12.5,독자망 100%로도 불가,독자망 100%로도 불가,112.19999999999995,1212.2,False,False
학문/교육,0.01,0.002,0.012,2.0,14.0,독자망 100%로도 불가,독자망 100%로도 불가,162.2,1362.2,False,False
학문/교육,0.01,0.002,0.013,2.4999999999999996,15.499999999999998,독자망 100%로도 불가,독자망 100%로도 불가,212.19999999999993,1512.1999999999998,False,False
학문/교육,0.01,0.002,0.014,3.0,17.0,독자망 100%로도 불가,독자망 100%로도 불가,262.2,1662.2,False,False
학문/교육,0.01,0.002,0.015,3.4999999999999996,18.499999999999996,독자망 100%로도 불가,독자망 100%로도 불가,312.19999999999993,1812.1999999999996,False,False
학문/교육,0.01,0.002,0.016,4.0,20.0,독자망 100%로도 불가,독자망 100%로도 불가,362.2,1962.2,False,False
학문/교육,0.01,0.002,0.017,4.5,21.5,독자망 100%로도 불가,독자망 100%로도 불가,412.2,2112.2,False,False
학문/교육,0.01,0.002,0.018,4.999999999999999,22.999999999999996,독자망 100%로도 불가,독자망 100%로도 불가,462.1999999999999,2262.2,False,False
학문/교육,0.01,0.002,0.019,5.5,24.499999999999996,독자망 100%로도 불가,독자망 100%로도 불가,512.2,2412.2,False,False
학문/교육,0.01,0.002,0.02,6.0,25.999999999999996,독자망 100%로도 불가,독자망 100%로도 불가,562.2,2562.2,False,False
학문/교육,0.01,0.0025,0.003,-1.7999999999999998,0.6000000000000003,결제망 무관하게 이미 성립,독자망 추가 전환 필요,-217.79999999999998,22.20000000000003,True,True
학문/교육,0.01,0.0025,0.004,-1.4,1.8,결제망 무관하게 이미 성립,독자망 100%로도 불가,-177.8,142.20000000000002,True,True
학문/교육,0.01,0.0025,0.005,-1.0,2.9999999999999996,결제망 무관하게 이미 성립,독자망 100%로도 불가,-137.8,262.19999999999993,True,True
학문/교육,0.01,0.0025,0.006,-0.6000000000000001,4.200000000000001,결제망 무관하게 이미 성립,독자망 100%로도 불가,-97.80000000000001,382.2000000000001,True,True
학문/교육,0.01,0.0025,0.007,-0.19999999999999996,5.4,결제망 무관하게 이미 성립,독자망 100%로도 불가,-57.8,502.20000000000005,True,True
학문/교육,0.01,0.0025,0.008,0.19999999999999996,6.6,현재 독자망 비중으로 성립,독자망 100%로도 불가,-17.800000000000004,622.1999999999999,False,True
학문/교육,0.01,0.0025,0.009,0.5999999999999996,7.799999999999997,독자망 추가 전환 필요,독자망 100%로도 불가,22.199999999999964,742.1999999999997,False,False
학문/교육,0.01,0.0025,0.01,1.0,8.999999999999998,독자망 추가 전환 필요,독자망 100%로도 불가,62.2,862.1999999999998,False,False
학문/교육,0.01,0.0025,0.011,1.3999999999999997,10.2,독자망 100%로도 불가,독자망 100%로도 불가,102.19999999999997,982.1999999999999,False,False
학문/교육,0.01,0.0025,0.012,1.8,11.4,독자망 100%로도 불가,독자망 100%로도 불가,142.20000000000002,1102.2,False,False
학문/교육,0.01,0.0025,0.013,2.1999999999999997,12.6,독자망 100%로도 불가,독자망 100%로도 불가,182.19999999999996,1222.2,False,False
학문/교육,0.01,0.0025,0.014,2.6,13.8,독자망 100%로도 불가,독자망 100%로도 불가,222.2,1342.2,False,False
학문/교육,0.01,0.0025,0.015,2.9999999999999996,14.999999999999998,독자망 100%로도 불가,독자망 100%로도 불가,262.19999999999993,1462.1999999999998,False,False
학문/교육,0.01,0.0025,0.016,3.4,16.2,독자망 100%로도 불가,독자망 100%로도 불가,302.2,1582.1999999999998,False,False
학문/교육,0.01,0.0025,0.017,3.8000000000000003,17.4,독자망 100%로도 불가,독자망 100%로도 불가,342.2,1702.1999999999998,False,False
학문/교육,0.01,0.0025,0.018,4.199999999999999,18.599999999999994,독자망 100%로도 불가,독자망 100%로도 불가,382.19999999999993,1822.1999999999994,False,False
학문/교육,0.01,0.0025,0.019,4.6,19.799999999999997,독자망 100%로도 불가,독자망 100%로도 불가,422.19999999999993,1942.1999999999998,False,False
학문/교육,0.01,0.0025,0.02,5.0,20.999999999999996,독자망 100%로도 불가,독자망 100%로도 불가,462.2,2062.2,False,False
소매/유통,0.0115,0.0005,0.003,-16.0,-3.9999999999999973,결제망 무관하게 이미 성립,결제망 무관하게 이미 성립,-1637.8,-437.7999999999997,True,True
소매/유통,0.0115,0.0005,0.004,-14.0,2.000000000000001,결제망 무관하게 이미 성립,독자망 100%로도 불가,-1437.8,162.20000000000007,True,True
소매/유통,0.0115,0.0005,0.005,-12.0,7.999999999999999,결제망 무관하게 이미 성립,독자망 100%로도 불가,-1237.8,762.1999999999999,True,True
소매/유통,0.0115,0.0005,0.006,-10.0,14.000000000000004,결제망 무관하게 이미 성립,독자망 100%로도 불가,-1037.8,1362.2000000000003,True,True
소매/유통,0.0115,0.0005,0.007,-8.0,20.000000000000004,결제망 무관하게 이미 성립,독자망 100%로도 불가,-837.8,1962.2000000000003,True,True
소매/유통,0.0115,0.0005,0.008,-5.999999999999999,26.0,결제망 무관하게 이미 성립,독자망 100%로도 불가,-637.8,2562.2,True,True
소매/유통,0.0115,0.0005,0.009,-4.000000000000001,31.999999999999993,결제망 무관하게 이미 성립,독자망 100%로도 불가,-437.8000000000001,3162.1999999999994,True,True
소매/유통,0.0115,0.0005,0.01,-1.9999999999999991,38.0,결제망 무관하게 이미 성립,독자망 100%로도 불가,-237.79999999999993,3762.2,True,True
소매/유통,0.0115,0.0005,0.011,-8.881784197001252e-16,44.0,결제망 무관하게 이미 성립,독자망 100%로도 불가,-37.80000000000009,4362.2,True,True
소매/유통,0.0115,0.0005,0.012,2.000000000000001,50.00000000000001,독자망 100%로도 불가,독자망 100%로도 불가,162.20000000000007,4962.200000000001,False,False
소매/유통,0.0115,0.0005,0.013,3.999999999999999,56.0,독자망 100%로도 불가,독자망 100%로도 불가,362.1999999999999,5562.2,False,False
소매/유통,0.0115,0.0005,0.014,6.000000000000001,62.00000000000001,독자망 100%로도 불가,독자망 100%로도 불가,562.2,6162.200000000001,False,False
소매/유통,0.0115,0.0005,0.015,7.999999999999999,68.0,독자망 100%로도 불가,독자망 100%로도 불가,762.1999999999999,6762.2,False,False
소매/유통,0.0115,0.0005,0.016,10.0,74.00000000000001,독자망 100%로도 불가,독자망 100%로도 불가,962.2,7362.200000000002,False,False
소매/유통,0.0115,0.0005,0.017,12.000000000000002,80.00000000000001,독자망 100%로도 불가,독자망 100%로도 불가,1162.2000000000003,7962.200000000002,False,False
소매/유통,0.0115,0.0005,0.018,13.999999999999998,85.99999999999999,독자망 100%로도 불가,독자망 100%로도 불가,1362.1999999999998,8562.199999999999,False,False
소매/유통,0.0115,0.0005,0.019,16.0,92.0,독자망 100%로도 불가,독자망 100%로도 불가,1562.2,9162.2,False,False
소매/유통,0.0115,0.0005,0.02,18.0,98.0,독자망 100%로도 불가,독자망 100%로도 불가,1762.2,9762.2,False,False
소매/유통,0.0115,0.001,0.003,-7.5,-1.4999999999999987,결제망 무관하게 이미 성립,결제망 무관하게 이미 성립,-787.8,-187.79999999999987,True,True
소매/유통,0.0115,0.001,0.004,-6.5,1.5000000000000004,결제망 무관하게 이미 성립,독자망 100%로도 불가,-687.8,112.20000000000003,True,True
소매/유통,0.0115,0.001,0.005,-5.5,4.5,결제망 무관하게 이미 성립,독자망 100%로도 불가,-587.8,412.2,True,True
소매/유통,0.0115,0.001,0.006,-4.5,7.500000000000002,결제망 무관하게 이미 성립,독자망 100%로도 불가,-487.8,712.2000000000002,True,True
소매/유통,0.0115,0.001,0.007,-3.5,10.500000000000002,결제망 무관하게 이미 성립,독자망 100%로도 불가,-387.8,1012.2000000000002,True,True
소매/유통,0.0115,0.001,0.008,-2.4999999999999996,13.5,결제망 무관하게 이미 성립,독자망 100%로도 불가,-287.79999999999995,1312.2,True,True
소매/유통,0.0115,0.001,0.009,-1.5000000000000004,16.499999999999996,결제망 무관하게 이미 성립,독자망 100%로도 불가,-187.80000000000007,1612.1999999999996,True,True
소매/유통,0.0115,0.001,0.01,-0.49999999999999956,19.5,결제망 무관하게 이미 성립,독자망 100%로도 불가,-87.79999999999995,1912.2,True,True
소매/유통,0.0115,0.001,0.011,0.49999999999999956,22.5,독자망 추가 전환 필요,독자망 100%로도 불가,12.199999999999955,2212.2,False,False
소매/유통,0.0115,0.001,0.012,1.5000000000000004,25.500000000000004,독자망 100%로도 불가,독자망 100%로도 불가,112.20000000000003,2512.2000000000003,False,False
소매/유통,0.0115,0.001,0.013,2.4999999999999996,28.5,독자망 100%로도 불가,독자망 100%로도 불가,212.19999999999993,2812.2,False,False
소매/유통,0.0115,0.001,0.014,3.5000000000000004,31.500000000000004,독자망 100%로도 불가,독자망 100%로도 불가,312.20000000000005,3112.2000000000003,False,False
소매/유통,0.0115,0.001,0.015,4.5,34.5,독자망 100%로도 불가,독자망 100%로도 불가,412.2,3412.2,False,False
소매/유통,0.0115,0.001,0.016,5.5,37.50000000000001,독자망 100%로도 불가,독자망 100%로도 불가,512.2,3712.2000000000007,False,False
소매/유통,0.0115,0.001,0.017,6.500000000000001,40.50000000000001,독자망 100%로도 불가,독자망 100%로도 불가,612.2,4012.2000000000007,False,False
소매/유통,0.0115,0.001,0.018,7.499999999999999,43.49999999999999,독자망 100%로도 불가,독자망 100%로도 불가,712.1999999999999,4312.199999999999,False,False
소매/유통,0.0115,0.001,0.019,8.5,46.5,독자망 100%로도 불가,독자망 100%로도 불가,812.2,4612.2,False,False
소매/유통,0.0115,0.001,0.02,9.5,49.5,독자망 100%로도 불가,독자망 100%로도 불가,912.2,4912.2,False,False
소매/유통,0.0115,0.0015,0.003,-4.666666666666667,-0.6666666666666659,결제망 무관하게 이미 성립,결제망 무관하게 이미 성립,-504.4666666666667,-104.46666666666657,True,True
소매/유통,0.0115,0.0015,0.004,-4.0,1.3333333333333337,결제망 무관하게 이미 성립,독자망 100%로도 불가,-437.8,95.53333333333337,True,True
소매/유통,0.0115,0.0015,0.005,-3.333333333333333,3.333333333333333,결제망 무관하게 이미 성립,독자망 100%로도 불가,-371.1333333333333,295.5333333333333,True,True
소매/유통,0.0115,0.0015,0.006,-2.6666666666666665,5.333333333333335,결제망 무관하게 이미 성립,독자망 100%로도 불가,-304.46666666666664,495.5333333333335,True,True
소매/유통,0.0115,0.0015,0.007,-1.9999999999999996,7.333333333333334,결제망 무관하게 이미 성립,독자망 100%로도 불가,-237.79999999999995,695.5333333333334,True,True
소매/유통,0.0115,0.0015,0.008,-1.333333333333333,9.333333333333334,결제망 무관하게 이미 성립,독자망 100%로도 불가,-171.13333333333333,895.5333333333334,True,True
소매/유통,0.0115,0.0015,0.009,-0.666666666666667,11.33333333333333,결제망 무관하게 이미 성립,독자망 100%로도 불가,-104.46666666666671,1095.533333333333,True,True
소매/유통,0.0115,0.0015,0.01,3.3306690738754696e-16,13.333333333333332,현재 독자망 비중으로 성립,독자망 100%로도 불가,-37.79999999999997,1295.5333333333333,True,True
소매/유통,0.0115,0.0015,0.011,0.6666666666666663,15.333333333333334,독자망 추가 전환 필요,독자망 100%로도 불가,28.866666666666628,1495.5333333333333,False,False
소매/유통,0.0115,0.0015,0.012,1.3333333333333337,17.333333333333336,독자망 100%로도 불가,독자망 100%로도 불가,95.53333333333337,1695.5333333333335,False,False
소매/유통,0.0115,0.0015,0.013,1.9999999999999996,19.333333333333332,독자망 100%로도 불가,독자망 100%로도 불가,162.19999999999993,1895.5333333333333,False,False
소매/유통,0.0115,0.0015,0.014,2.666666666666667,21.333333333333336,독자망 100%로도 불가,독자망 100%로도 불가,228.86666666666667,2095.5333333333338,False,False
소매/유통,0.0115,0.0015,0.015,3.333333333333333,23.333333333333336,독자망 100%로도 불가,독자망 100%로도 불가,295.5333333333333,2295.5333333333338,False,False
소매/유통,0.0115,0.0015,0.016,4.0,25.333333333333336,독자망 100%로도 불가,독자망 100%로도 불가,362.2,2495.5333333333338,False,False
소매/유통,0.0115,0.0015,0.017,4.666666666666668,27.33333333333334,독자망 100%로도 불가,독자망 100%로도 불가,428.8666666666668,2695.5333333333338,False,False
소매/유통,0.0115,0.0015,0.018,5.333333333333332,29.33333333333333,독자망 100%로도 불가,독자망 100%로도 불가,495.5333333333332,2895.533333333333,False,False
소매/유통,0.0115,0.0015,0.019,6.0,31.333333333333332,독자망 100%로도 불가,독자망 100%로도 불가,562.2,3095.5333333333333,False,False
소매/유통,0.0115,0.0015,0.02,6.666666666666667,33.333333333333336,독자망 100%로도 불가,독자망 100%로도 불가,628.8666666666667,3295.5333333333338,False,False
소매/유통,0.0115,0.001942,0.003,-3.376930998970134,-0.2873326467559212,결제망 무관하게 이미 성립,결제망 무관하게 이미 성립,-375.4930998970134,-66.53326467559212,True,True
소매/유통,0.0115,0.001942,0.004,-2.861997940267765,1.2574665293511846,결제망 무관하게 이미 성립,독자망 100%로도 불가,-323.9997940267765,87.94665293511846,True,True
소매/유통,0.0115,0.001942,0.005,-2.3470648815653963,2.8022657054582902,결제망 무관하게 이미 성립,독자망 100%로도 불가,-272.50648815653966,242.426570545829,True,True
소매/유통,0.0115,0.001942,0.006,-1.832131822863028,4.347064881565398,결제망 무관하게 이미 성립,독자망 100%로도 불가,-221.0131822863028,396.9064881565398,True,True
소매/유통,0.0115,0.001942,0.007,-1.317198764160659,5.891864057672503,결제망 무관하게 이미 성립,독자망 100%로도 불가,-169.51987641606593,551.3864057672503,True,True
소매/유통,0.0115,0.001942,0.008,-0.8022657054582902,7.436663233779609,결제망 무관하게 이미 성립,독자망 100%로도 불가,-118.02657054582903,705.866323377961,True,True
소매/유통,0.0115,0.001942,0.009,-0.28733264675592207,8.981462409886714,결제망 무관하게 이미 성립,독자망 100%로도 불가,-66.5332646755922,860.3462409886713,True,True
소매/유통,0.0115,0.001942,0.01,0.2276004119464471,10.52626158599382,현재 독자망 비중으로 성립,독자망 100%로도 불가,-15.03995880535529,1014.826158599382,False,True
소매/유통,0.0115,0.001942,0.011,0.7425334706488154,12.071060762100927,독자망 추가 전환 필요,독자망 100%로도 불가,36.453347064881534,1169.3060762100927,False,False
소매/유통,0.0115,0.001942,0.012,1.2574665293511846,13.615859938208036,독자망 100%로도 불가,독자망 100%로도 불가,87.94665293511846,1323.7859938208037,False,False
소매/유통,0.0115,0.001942,0.013,1.772399588053553,15.16065911431514,독자망 100%로도 불가,독자망 100%로도 불가,139.4399588053553,1478.265911431514,False,False
소매/유통,0.0115,0.001942,0.014,2.287332646755922,16.705458290422246,독자망 100%로도 불가,독자망 100%로도 불가,190.93326467559217,1632.7458290422246,False,False
소매/유통,0.0115,0.001942,0.015,2.8022657054582902,18.25025746652935,독자망 100%로도 불가,독자망 100%로도 불가,242.426570545829,1787.2257466529352,False,False
소매/유통,0.0115,0.001942,0.016,3.3171987641606595,19.79505664263646,독자망 100%로도 불가,독자망 100%로도 불가,293.91987641606596,1941.705664263646,False,False
소매/유통,0.0115,0.001942,0.017,3.832131822863029,21.33985581874357,독자망 100%로도 불가,독자망 100%로도 불가,345.41318228630286,2096.185581874357,False,False
소매/유통,0.0115,0.001942,0.018,4.347064881565396,22.884654994850667,독자망 100%로도 불가,독자망 100%로도 불가,396.90648815653964,2250.665499485067,False,False
소매/유통,0.0115,0.001942,0.019,4.861997940267765,24.429454170957776,독자망 100%로도 불가,독자망 100%로도 불가,448.3997940267765,2405.1454170957777,False,False
소매/유통,0.0115,0.001942,0.02,5.376930998970134,25.974253347064884,독자망 100%로도 불가,독자망 100%로도 불가,499.89309989701337,2559.6253347064885,False,False
소매/유통,0.0115,0.002,0.003,-3.25,-0.24999999999999933,결제망 무관하게 이미 성립,결제망 무관하게 이미 성립,-362.8,-62.79999999999993,True,True
소매/유통,0.0115,0.002,0.004,-2.75,1.2500000000000002,결제망 무관하게 이미 성립,독자망 100%로도 불가,-312.8,87.20000000000002,True,True
소매/유통,0.0115,0.002,0.005,-2.25,2.75,결제망 무관하게 이미 성립,독자망 100%로도 불가,-262.8,237.2,True,True
소매/유통,0.0115,0.002,0.006,-1.75,4.250000000000001,결제망 무관하게 이미 성립,독자망 100%로도 불가,-212.8,387.2000000000001,True,True
소매/유통,0.0115,0.002,0.007,-1.25,5.750000000000001,결제망 무관하게 이미 성립,독자망 100%로도 불가,-162.8,537.2,True,True
소매/유통,0.0115,0.002,0.008,-0.7499999999999998,7.25,결제망 무관하게 이미 성립,독자망 100%로도 불가,-112.79999999999997,687.2,True,True
소매/유통,0.0115,0.002,0.009,-0.2500000000000002,8.749999999999998,결제망 무관하게 이미 성립,독자망 100%로도 불가,-62.800000000000026,837.1999999999998,True,True
소매/유통,0.0115,0.002,0.01,0.2500000000000002,10.25,현재 독자망 비중으로 성립,독자망 100%로도 불가,-12.799999999999978,987.2,False,True
소매/유통,0.0115,0.002,0.011,0.7499999999999998,11.75,독자망 추가 전환 필요,독자망 100%로도 불가,37.199999999999974,1137.2,False,False
소매/유통,0.0115,0.002,0.012,1.2500000000000002,13.250000000000002,독자망 100%로도 불가,독자망 100%로도 불가,87.20000000000002,1287.2000000000003,False,False
소매/유통,0.0115,0.002,0.013,1.7499999999999998,14.75,독자망 100%로도 불가,독자망 100%로도 불가,137.2,1437.2,False,False
소매/유통,0.0115,0.002,0.014,2.25,16.25,독자망 100%로도 불가,독자망 100%로도 불가,187.2,1587.2,False,False
소매/유통,0.0115,0.002,0.015,2.75,17.75,독자망 100%로도 불가,독자망 100%로도 불가,237.2,1737.2,False,False
소매/유통,0.0115,0.002,0.016,3.25,19.250000000000004,독자망 100%로도 불가,독자망 100%로도 불가,287.2,1887.2000000000003,False,False
소매/유통,0.0115,0.002,0.017,3.7500000000000004,20.750000000000004,독자망 100%로도 불가,독자망 100%로도 불가,337.20000000000005,2037.2000000000003,False,False
소매/유통,0.0115,0.002,0.018,4.25,22.249999999999996,독자망 100%로도 불가,독자망 100%로도 불가,387.2,2187.2,False,False
소매/유통,0.0115,0.002,0.019,4.75,23.75,독자망 100%로도 불가,독자망 100%로도 불가,437.2,2337.2,False,False
소매/유통,0.0115,0.002,0.02,5.25,25.25,독자망 100%로도 불가,독자망 100%로도 불가,487.2,2487.2,False,False
소매/유통,0.0115,0.0025,0.003,-2.4000000000000004,5.551115123125783e-16,결제망 무관하게 이미 성립,현재 독자망 비중으로 성립,-277.80000000000007,-37.79999999999995,True,True
소매/유통,0.0115,0.0025,0.004,-2.0,1.2000000000000002,결제망 무관하게 이미 성립,독자망 100%로도 불가,-237.8,82.20000000000002,True,True
소매/유통,0.0115,0.0025,0.005,-1.5999999999999996,2.4,결제망 무관하게 이미 성립,독자망 100%로도 불가,-197.79999999999998,202.2,True,True
소매/유통,0.0115,0.0025,0.006,-1.1999999999999997,3.600000000000001,결제망 무관하게 이미 성립,독자망 100%로도 불가,-157.79999999999998,322.2000000000001,True,True
소매/유통,0.0115,0.0025,0.007,-0.7999999999999998,4.800000000000001,결제망 무관하게 이미 성립,독자망 100%로도 불가,-117.8,442.20000000000005,True,True
소매/유통,0.0115,0.0025,0.008,-0.3999999999999999,6.0,결제망 무관하게 이미 성립,독자망 100%로도 불가,-77.8,562.2,True,True
소매/유통,0.0115,0.0025,0.009,-2.220446049250313e-16,7.199999999999998,결제망 무관하게 이미 성립,독자망 100%로도 불가,-37.800000000000026,682.1999999999998,True,True
소매/유통,0.0115,0.0025,0.01,0.40000000000000013,8.399999999999999,독자망 추가 전환 필요,독자망 100%로도 불가,2.200000000000013,802.1999999999998,False,False
소매/유통,0.0115,0.0025,0.011,0.7999999999999998,9.6,독자망 추가 전환 필요,독자망 100%로도 불가,42.19999999999998,922.1999999999999,False,False
소매/유통,0.0115,0.0025,0.012,1.2000000000000002,10.8,독자망 100%로도 불가,독자망 100%로도 불가,82.20000000000002,1042.2,False,False
소매/유통,0.0115,0.0025,0.013,1.5999999999999999,12.0,독자망 100%로도 불가,독자망 100%로도 불가,122.2,1162.2,False,False
소매/유통,0.0115,0.0025,0.014,2.0,13.200000000000001,독자망 100%로도 불가,독자망 100%로도 불가,162.2,1282.2,False,False
소매/유통,0.0115,0.0025,0.015,2.4,14.4,독자망 100%로도 불가,독자망 100%로도 불가,202.2,1402.2,False,False
소매/유통,0.0115,0.0025,0.016,2.8000000000000003,15.600000000000001,독자망 100%로도 불가,독자망 100%로도 불가,242.20000000000002,1522.2,False,False
소매/유통,0.0115,0.0025,0.017,3.2000000000000006,16.800000000000004,독자망 100%로도 불가,독자망 100%로도 불가,282.20000000000005,1642.2000000000005,False,False
소매/유통,0.0115,0.0025,0.018,3.5999999999999996,17.999999999999996,독자망 100%로도 불가,독자망 100%로도 불가,322.19999999999993,1762.1999999999996,False,False
소매/유통,0.0115,0.0025,0.019,4.0,19.2,독자망 100%로도 불가,독자망 100%로도 불가,362.2,1882.1999999999998,False,False
소매/유통,0.0115,0.0025,0.02,4.4,20.4,독자망 100%로도 불가,독자망 100%로도 불가,402.20000000000005,2002.1999999999998,False,False
공연/전시,0.0145,0.0005,0.003,-22.0,-10.0,결제망 무관하게 이미 성립,결제망 무관하게 이미 성립,-2237.8,-1037.8,True,True
공연/전시,0.0145,0.0005,0.004,-20.0,-4.000000000000001,결제망 무관하게 이미 성립,결제망 무관하게 이미 성립,-2037.8,-437.8000000000001,True,True
공연/전시,0.0145,0.0005,0.005,-18.000000000000004,1.9999999999999973,결제망 무관하게 이미 성립,독자망 100%로도 불가,-1837.8000000000004,162.19999999999973,True,True
공연/전시,0.0145,0.0005,0.006,-16.0,8.000000000000004,결제망 무관하게 이미 성립,독자망 100%로도 불가,-1637.8,762.2000000000004,True,True
공연/전시,0.0145,0.0005,0.007,-14.0,14.0,결제망 무관하게 이미 성립,독자망 100%로도 불가,-1437.8,1362.2,True,True
공연/전시,0.0145,0.0005,0.008,-12.0,20.0,결제망 무관하게 이미 성립,독자망 100%로도 불가,-1237.8,1962.2,True,True
공연/전시,0.0145,0.0005,0.009,-10.000000000000002,25.99999999999999,결제망 무관하게 이미 성립,독자망 100%로도 불가,-1037.8000000000002,2562.199999999999,True,True
공연/전시,0.0145,0.0005,0.01,-8.0,31.999999999999996,결제망 무관하게 이미 성립,독자망 100%로도 불가,-837.8,3162.2,True,True
공연/전시,0.0145,0.0005,0.011,-6.000000000000003,38.00000000000001,결제망 무관하게 이미 성립,독자망 100%로도 불가,-637.8000000000003,3762.2000000000007,True,True
공연/전시,0.0145,0.0005,0.012,-4.000000000000001,44.00000000000001,결제망 무관하게 이미 성립,독자망 100%로도 불가,-437.8000000000001,4362.200000000001,True,True
공연/전시,0.0145,0.0005,0.013,-2.0000000000000027,50.0,결제망 무관하게 이미 성립,독자망 100%로도 불가,-237.80000000000027,4962.2,True,True
공연/전시,0.0145,0.0005,0.014,-8.881784197001252e-16,56.00000000000001,결제망 무관하게 이미 성립,독자망 100%로도 불가,-37.80000000000009,5562.200000000001,True,True
공연/전시,0.0145,0.0005,0.015,1.9999999999999973,62.0,독자망 100%로도 불가,독자망 100%로도 불가,162.19999999999973,6162.2,False,False
공연/전시,0.0145,0.0005,0.016,3.999999999999999,68.0,독자망 100%로도 불가,독자망 100%로도 불가,362.1999999999999,6762.2,False,False
공연/전시,0.0145,0.0005,0.017,6.000000000000001,74.00000000000001,독자망 100%로도 불가,독자망 100%로도 불가,562.2,7362.200000000002,False,False
공연/전시,0.0145,0.0005,0.018,7.999999999999996,79.99999999999999,독자망 100%로도 불가,독자망 100%로도 불가,762.1999999999996,7962.199999999999,False,False
공연/전시,0.0145,0.0005,0.019,9.999999999999998,85.99999999999999,독자망 100%로도 불가,독자망 100%로도 불가,962.1999999999998,8562.199999999999,False,False
공연/전시,0.0145,0.0005,0.02,12.0,92.0,독자망 100%로도 불가,독자망 100%로도 불가,1162.2,9162.2,False,False
공연/전시,0.0145,0.001,0.003,-10.5,-4.5,결제망 무관하게 이미 성립,결제망 무관하게 이미 성립,-1087.8,-487.8,True,True
공연/전시,0.0145,0.001,0.004,-9.5,-1.5000000000000004,결제망 무관하게 이미 성립,결제망 무관하게 이미 성립,-987.8,-187.80000000000007,True,True
공연/전시,0.0145,0.001,0.005,-8.500000000000002,1.4999999999999987,결제망 무관하게 이미 성립,독자망 100%로도 불가,-887.8000000000002,112.19999999999986,True,True
공연/전시,0.0145,0.001,0.006,-7.5,4.500000000000002,결제망 무관하게 이미 성립,독자망 100%로도 불가,-787.8,412.20000000000016,True,True
공연/전시,0.0145,0.001,0.007,-6.5,7.5,결제망 무관하게 이미 성립,독자망 100%로도 불가,-687.8,712.2,True,True
공연/전시,0.0145,0.001,0.008,-5.5,10.5,결제망 무관하게 이미 성립,독자망 100%로도 불가,-587.8,1012.2,True,True
공연/전시,0.0145,0.001,0.009,-4.500000000000001,13.499999999999995,결제망 무관하게 이미 성립,독자망 100%로도 불가,-487.8000000000001,1312.1999999999994,True,True
공연/전시,0.0145,0.001,0.01,-3.5,16.5,결제망 무관하게 이미 성립,독자망 100%로도 불가,-387.8,1612.2,True,True
공연/전시,0.0145,0.001,0.011,-2.5000000000000013,19.500000000000004,결제망 무관하게 이미 성립,독자망 100%로도 불가,-287.8000000000001,1912.2000000000003,True,True
공연/전시,0.0145,0.001,0.012,-1.5000000000000004,22.500000000000004,결제망 무관하게 이미 성립,독자망 100%로도 불가,-187.80000000000007,2212.2000000000003,True,True
공연/전시,0.0145,0.001,0.013,-0.5000000000000013,25.5,결제망 무관하게 이미 성립,독자망 100%로도 불가,-87.80000000000014,2512.2,True,True
공연/전시,0.0145,0.001,0.014,0.49999999999999956,28.500000000000004,독자망 추가 전환 필요,독자망 100%로도 불가,12.199999999999955,2812.2000000000003,False,False
공연/전시,0.0145,0.001,0.015,1.4999999999999987,31.5,독자망 100%로도 불가,독자망 100%로도 불가,112.19999999999986,3112.2,False,False
공연/전시,0.0145,0.001,0.016,2.4999999999999996,34.5,독자망 100%로도 불가,독자망 100%로도 불가,212.19999999999993,3412.2,False,False
공연/전시,0.0145,0.001,0.017,3.5000000000000004,37.50000000000001,독자망 100%로도 불가,독자망 100%로도 불가,312.20000000000005,3712.2000000000007,False,False
공연/전시,0.0145,0.001,0.018,4.499999999999998,40.49999999999999,독자망 100%로도 불가,독자망 100%로도 불가,412.1999999999998,4012.1999999999994,False,False
공연/전시,0.0145,0.001,0.019,5.499999999999999,43.49999999999999,독자망 100%로도 불가,독자망 100%로도 불가,512.1999999999999,4312.199999999999,False,False
공연/전시,0.0145,0.001,0.02,6.5,46.5,독자망 100%로도 불가,독자망 100%로도 불가,612.2,4612.2,False,False
공연/전시,0.0145,0.0015,0.003,-6.666666666666666,-2.6666666666666665,결제망 무관하게 이미 성립,결제망 무관하게 이미 성립,-704.4666666666666,-304.46666666666664,True,True
공연/전시,0.0145,0.0015,0.004,-6.0,-0.666666666666667,결제망 무관하게 이미 성립,결제망 무관하게 이미 성립,-637.8,-104.46666666666671,True,True
공연/전시,0.0145,0.0015,0.005,-5.333333333333334,1.3333333333333326,결제망 무관하게 이미 성립,독자망 100%로도 불가,-571.1333333333334,95.53333333333326,True,True
공연/전시,0.0145,0.0015,0.006,-4.666666666666667,3.3333333333333344,결제망 무관하게 이미 성립,독자망 100%로도 불가,-504.4666666666667,295.5333333333334,True,True
공연/전시,0.0145,0.0015,0.007,-4.0,5.333333333333334,결제망 무관하게 이미 성립,독자망 100%로도 불가,-437.8,495.53333333333336,True,True
공연/전시,0.0145,0.0015,0.008,-3.333333333333334,7.333333333333333,결제망 무관하게 이미 성립,독자망 100%로도 불가,-371.1333333333334,695.5333333333333,True,True
공연/전시,0.0145,0.0015,0.009,-2.6666666666666674,9.33333333333333,결제망 무관하게 이미 성립,독자망 100%로도 불가,-304.46666666666675,895.5333333333331,True,True
공연/전시,0.0145,0.0015,0.01,-2.0000000000000004,11.333333333333332,결제망 무관하게 이미 성립,독자망 100%로도 불가,-237.80000000000007,1095.5333333333333,True,True
공연/전시,0.0145,0.0015,0.011,-1.3333333333333344,13.333333333333334,결제망 무관하게 이미 성립,독자망 100%로도 불가,-171.13333333333344,1295.5333333333333,True,True
공연/전시,0.0145,0.0015,0.012,-0.666666666666667,15.333333333333336,결제망 무관하게 이미 성립,독자망 100%로도 불가,-104.46666666666671,1495.5333333333335,True,True
공연/전시,0.0145,0.0015,0.013,-8.881784197001252e-16,17.333333333333332,결제망 무관하게 이미 성립,독자망 100%로도 불가,-37.80000000000009,1695.5333333333333,True,True
공연/전시,0.0145,0.0015,0.014,0.6666666666666663,19.333333333333336,독자망 추가 전환 필요,독자망 100%로도 불가,28.866666666666628,1895.5333333333335,False,False
공연/전시,0.0145,0.0015,0.015,1.3333333333333326,21.333333333333332,독자망 100%로도 불가,독자망 100%로도 불가,95.53333333333326,2095.5333333333333,False,False
공연/전시,0.0145,0.0015,0.016,1.9999999999999996,23.333333333333336,독자망 100%로도 불가,독자망 100%로도 불가,162.19999999999993,2295.5333333333338,False,False
공연/전시,0.0145,0.0015,0.017,2.666666666666667,25.333333333333336,독자망 100%로도 불가,독자망 100%로도 불가,228.86666666666667,2495.5333333333338,False,False
공연/전시,0.0145,0.0015,0.018,3.3333333333333317,27.33333333333333,독자망 100%로도 불가,독자망 100%로도 불가,295.53333333333313,2695.533333333333,False,False
공연/전시,0.0145,0.0015,0.019,3.999999999999999,29.33333333333333,독자망 100%로도 불가,독자망 100%로도 불가,362.1999999999999,2895.533333333333,False,False
공연/전시,0.0145,0.0015,0.02,4.666666666666666,31.333333333333332,독자망 100%로도 불가,독자망 100%로도 불가,428.8666666666666,3095.5333333333333,False,False
공연/전시,0.0145,0.001942,0.003,-4.92173017507724,-1.832131822863028,결제망 무관하게 이미 성립,결제망 무관하게 이미 성립,-529.973017507724,-221.0131822863028,True,True
공연/전시,0.0145,0.001942,0.004,-4.406797116374872,-0.28733264675592207,결제망 무관하게 이미 성립,결제망 무관하게 이미 성립,-478.4797116374872,-66.5332646755922,True,True
공연/전시,0.0145,0.001942,0.005,-3.891864057672503,1.2574665293511837,결제망 무관하게 이미 성립,독자망 100%로도 불가,-426.98640576725035,87.94665293511838,True,True
공연/전시,0.0145,0.001942,0.006,-3.376930998970134,2.802265705458291,결제망 무관하게 이미 성립,독자망 100%로도 불가,-375.4930998970134,242.4265705458291,True,True
공연/전시,0.0145,0.001942,0.007,-2.8619979402677656,4.347064881565396,결제망 무관하게 이미 성립,독자망 100%로도 불가,-323.99979402677656,396.90648815653964,True,True
공연/전시,0.0145,0.001942,0.008,-2.3470648815653967,5.891864057672502,결제망 무관하게 이미 성립,독자망 100%로도 불가,-272.50648815653966,551.3864057672503,True,True
공연/전시,0.0145,0.001942,0.009,-1.8321318228630288,7.436663233779607,결제망 무관하게 이미 성립,독자망 100%로도 불가,-221.01318228630288,705.8663233779606,True,True
공연/전시,0.0145,0.001942,0.01,-1.3171987641606595,8.981462409886714,결제망 무관하게 이미 성립,독자망 100%로도 불가,-169.51987641606596,860.3462409886713,True,True
공연/전시,0.0145,0.001942,0.011,-0.8022657054582911,10.526261585993822,결제망 무관하게 이미 성립,독자망 100%로도 불가,-118.02657054582912,1014.8261585993822,True,True
공연/전시,0.0145,0.001942,0.012,-0.28733264675592207,12.07106076210093,결제망 무관하게 이미 성립,독자망 100%로도 불가,-66.5332646755922,1169.306076210093,True,True
공연/전시,0.0145,0.001942,0.013,0.2276004119464462,13.615859938208034,현재 독자망 비중으로 성립,독자망 100%로도 불가,-15.03995880535538,1323.7859938208035,False,True
공연/전시,0.0145,0.001942,0.014,0.7425334706488154,15.160659114315141,독자망 추가 전환 필요,독자망 100%로도 불가,36.453347064881534,1478.265911431514,False,False
공연/전시,0.0145,0.001942,0.015,1.2574665293511837,16.705458290422243,독자망 100%로도 불가,독자망 100%로도 불가,87.94665293511838,1632.7458290422242,False,False
공연/전시,0.0145,0.001942,0.016,1.772399588053553,18.25025746652935,독자망 100%로도 불가,독자망 100%로도 불가,139.4399588053553,1787.2257466529352,False,False
공연/전시,0.0145,0.001942,0.017,2.287332646755922,19.79505664263646,독자망 100%로도 불가,독자망 100%로도 불가,190.93326467559217,1941.705664263646,False,False
공연/전시,0.0145,0.001942,0.018,2.8022657054582893,21.339855818743562,독자망 100%로도 불가,독자망 100%로도 불가,242.42657054582892,2096.185581874356,False,False
공연/전시,0.0145,0.001942,0.019,3.3171987641606586,22.884654994850667,독자망 100%로도 불가,독자망 100%로도 불가,293.91987641606585,2250.665499485067,False,False
공연/전시,0.0145,0.001942,0.02,3.832131822863028,24.429454170957776,독자망 100%로도 불가,독자망 100%로도 불가,345.4131822863028,2405.1454170957777,False,False
공연/전시,0.0145,0.002,0.003,-4.75,-1.75,결제망 무관하게 이미 성립,결제망 무관하게 이미 성립,-512.8,-212.8,True,True
공연/전시,0.0145,0.002,0.004,-4.25,-0.2500000000000002,결제망 무관하게 이미 성립,결제망 무관하게 이미 성립,-462.8,-62.800000000000026,True,True
공연/전시,0.0145,0.002,0.005,-3.750000000000001,1.2499999999999993,결제망 무관하게 이미 성립,독자망 100%로도 불가,-412.8000000000001,87.19999999999993,True,True
공연/전시,0.0145,0.002,0.006,-3.25,2.750000000000001,결제망 무관하게 이미 성립,독자망 100%로도 불가,-362.8,237.20000000000007,True,True
공연/전시,0.0145,0.002,0.007,-2.75,4.25,결제망 무관하게 이미 성립,독자망 100%로도 불가,-312.8,387.2,True,True
공연/전시,0.0145,0.002,0.008,-2.25,5.75,결제망 무관하게 이미 성립,독자망 100%로도 불가,-262.8,537.2,True,True
공연/전시,0.0145,0.002,0.009,-1.7500000000000004,7.249999999999997,결제망 무관하게 이미 성립,독자망 100%로도 불가,-212.80000000000007,687.1999999999997,True,True
공연/전시,0.0145,0.002,0.01,-1.25,8.75,결제망 무관하게 이미 성립,독자망 100%로도 불가,-162.8,837.2,True,True
공연/전시,0.0145,0.002,0.011,-0.7500000000000007,10.250000000000002,결제망 무관하게 이미 성립,독자망 100%로도 불가,-112.80000000000005,987.2000000000002,True,True
공연/전시,0.0145,0.002,0.012,-0.2500000000000002,11.750000000000002,결제망 무관하게 이미 성립,독자망 100%로도 불가,-62.800000000000026,1137.2000000000003,True,True
공연/전시,0.0145,0.002,0.013,0.24999999999999933,13.25,현재 독자망 비중으로 성립,독자망 100%로도 불가,-12.800000000000066,1287.2,False,True
공연/전시,0.0145,0.002,0.014,0.7499999999999998,14.750000000000002,독자망 추가 전환 필요,독자망 100%로도 불가,37.199999999999974,1437.2000000000003,False,False
공연/전시,0.0145,0.002,0.015,1.2499999999999993,16.25,독자망 100%로도 불가,독자망 100%로도 불가,87.19999999999993,1587.2,False,False
공연/전시,0.0145,0.002,0.016,1.7499999999999998,17.75,독자망 100%로도 불가,독자망 100%로도 불가,137.2,1737.2,False,False
공연/전시,0.0145,0.002,0.017,2.25,19.250000000000004,독자망 100%로도 불가,독자망 100%로도 불가,187.2,1887.2000000000003,False,False
공연/전시,0.0145,0.002,0.018,2.749999999999999,20.749999999999996,독자망 100%로도 불가,독자망 100%로도 불가,237.1999999999999,2037.1999999999996,False,False
공연/전시,0.0145,0.002,0.019,3.2499999999999996,22.249999999999996,독자망 100%로도 불가,독자망 100%로도 불가,287.19999999999993,2187.2,False,False
공연/전시,0.0145,0.002,0.02,3.75,23.75,독자망 100%로도 불가,독자망 100%로도 불가,337.2,2337.2,False,False
공연/전시,0.0145,0.0025,0.003,-3.5999999999999996,-1.1999999999999997,결제망 무관하게 이미 성립,결제망 무관하게 이미 성립,-397.79999999999995,-157.79999999999998,True,True
공연/전시,0.0145,0.0025,0.004,-3.2,-2.220446049250313e-16,결제망 무관하게 이미 성립,결제망 무관하게 이미 성립,-357.8,-37.800000000000026,True,True
공연/전시,0.0145,0.0025,0.005,-2.8000000000000007,1.1999999999999995,결제망 무관하게 이미 성립,독자망 100%로도 불가,-317.80000000000007,82.19999999999995,True,True
공연/전시,0.0145,0.0025,0.006,-2.4000000000000004,2.4000000000000004,결제망 무관하게 이미 성립,독자망 100%로도 불가,-277.80000000000007,202.20000000000002,True,True
공연/전시,0.0145,0.0025,0.007,-2.0,3.6,결제망 무관하게 이미 성립,독자망 100%로도 불가,-237.8,322.2,True,True
공연/전시,0.0145,0.0025,0.008,-1.6,4.8,결제망 무관하게 이미 성립,독자망 100%로도 불가,-197.8,442.2,True,True
공연/전시,0.0145,0.0025,0.009,-1.2000000000000006,5.999999999999998,결제망 무관하게 이미 성립,독자망 100%로도 불가,-157.80000000000007,562.1999999999998,True,True
공연/전시,0.0145,0.0025,0.01,-0.8000000000000003,7.199999999999999,결제망 무관하게 이미 성립,독자망 100%로도 불가,-117.80000000000004,682.1999999999999,True,True
공연/전시,0.0145,0.0025,0.011,-0.4000000000000006,8.400000000000002,결제망 무관하게 이미 성립,독자망 100%로도 불가,-77.80000000000005,802.2000000000002,True,True
공연/전시,0.0145,0.0025,0.012,-2.220446049250313e-16,9.600000000000001,결제망 무관하게 이미 성립,독자망 100%로도 불가,-37.800000000000026,922.2000000000002,True,True
공연/전시,0.0145,0.0025,0.013,0.39999999999999947,10.8,독자망 추가 전환 필요,독자망 100%로도 불가,2.1999999999999464,1042.2,False,False
공연/전시,0.0145,0.0025,0.014,0.7999999999999998,12.000000000000002,독자망 추가 전환 필요,독자망 100%로도 불가,42.19999999999998,1162.2000000000003,False,False
공연/전시,0.0145,0.0025,0.015,1.1999999999999995,13.2,독자망 100%로도 불가,독자망 100%로도 불가,82.19999999999995,1282.1999999999998,False,False
공연/전시,0.0145,0.0025,0.016,1.5999999999999999,14.4,독자망 100%로도 불가,독자망 100%로도 불가,122.2,1402.2,False,False
공연/전시,0.0145,0.0025,0.017,2.0,15.600000000000001,독자망 100%로도 불가,독자망 100%로도 불가,162.2,1522.2,False,False
공연/전시,0.0145,0.0025,0.018,2.399999999999999,16.799999999999997,독자망 100%로도 불가,독자망 100%로도 불가,202.1999999999999,1642.1999999999998,False,False
공연/전시,0.0145,0.0025,0.019,2.7999999999999994,17.999999999999996,독자망 100%로도 불가,독자망 100%로도 불가,242.19999999999993,1762.1999999999996,False,False
공연/전시,0.0145,0.0025,0.02,3.1999999999999997,19.2,독자망 100%로도 불가,독자망 100%로도 불가,282.2,1882.1999999999998,False,False
미디어/통신,0.0208,0.0005,0.003,-34.6,-22.599999999999994,결제망 무관하게 이미 성립,결제망 무관하게 이미 성립,-3497.8,-2297.7999999999993,True,True
미디어/통신,0.0208,0.0005,0.004,-32.599999999999994,-16.599999999999998,결제망 무관하게 이미 성립,결제망 무관하게 이미 성립,-3297.7999999999993,-1697.7999999999997,True,True
미디어/통신,0.0208,0.0005,0.005,-30.599999999999994,-10.6,결제망 무관하게 이미 성립,결제망 무관하게 이미 성립,-3097.7999999999993,-1097.8,True,True
미디어/통신,0.0208,0.0005,0.006,-28.599999999999998,-4.599999999999993,결제망 무관하게 이미 성립,결제망 무관하게 이미 성립,-2897.7999999999997,-497.79999999999933,True,True
미디어/통신,0.0208,0.0005,0.007,-26.599999999999998,1.4000000000000046,결제망 무관하게 이미 성립,독자망 100%로도 불가,-2697.7999999999997,102.20000000000047,True,True
미디어/통신,0.0208,0.0005,0.008,-24.599999999999998,7.400000000000003,결제망 무관하게 이미 성립,독자망 100%로도 불가,-2497.7999999999997,702.2000000000003,True,True
미디어/통신,0.0208,0.0005,0.009,-22.599999999999998,13.399999999999993,결제망 무관하게 이미 성립,독자망 100%로도 불가,-2297.7999999999997,1302.1999999999994,True,True
미디어/통신,0.0208,0.0005,0.01,-20.599999999999998,19.4,결제망 무관하게 이미 성립,독자망 100%로도 불가,-2097.7999999999997,1902.1999999999998,True,True
미디어/통신,0.0208,0.0005,0.011,-18.599999999999998,25.400000000000006,결제망 무관하게 이미 성립,독자망 100%로도 불가,-1897.7999999999997,2502.2000000000007,True,True
미디어/통신,0.0208,0.0005,0.012,-16.599999999999998,31.40000000000001,결제망 무관하게 이미 성립,독자망 100%로도 불가,-1697.7999999999997,3102.2000000000007,True,True
미디어/통신,0.0208,0.0005,0.013,-14.6,37.4,결제망 무관하게 이미 성립,독자망 100%로도 불가,-1497.8,3702.2,True,True
미디어/통신,0.0208,0.0005,0.014,-12.599999999999998,43.400000000000006,결제망 무관하게 이미 성립,독자망 100%로도 불가,-1297.7999999999997,4302.200000000001,True,True
미디어/통신,0.0208,0.0005,0.015,-10.6,49.4,결제망 무관하게 이미 성립,독자망 100%로도 불가,-1097.8,4902.2,True,True
미디어/통신,0.0208,0.0005,0.016,-8.599999999999998,55.400000000000006,결제망 무관하게 이미 성립,독자망 100%로도 불가,-897.7999999999998,5502.200000000001,True,True
미디어/통신,0.0208,0.0005,0.017,-6.599999999999995,61.400000000000006,결제망 무관하게 이미 성립,독자망 100%로도 불가,-697.7999999999995,6102.200000000001,True,True
미디어/통신,0.0208,0.0005,0.018,-4.6000000000000005,67.39999999999999,결제망 무관하게 이미 성립,독자망 100%로도 불가,-497.80000000000007,6702.199999999999,True,True
미디어/통신,0.0208,0.0005,0.019,-2.5999999999999988,73.39999999999999,결제망 무관하게 이미 성립,독자망 100%로도 불가,-297.7999999999999,7302.199999999999,True,True
미디어/통신,0.0208,0.0005,0.02,-0.5999999999999972,79.39999999999999,결제망 무관하게 이미 성립,독자망 100%로도 불가,-97.79999999999973,7902.199999999999,True,True
미디어/통신,0.0208,0.001,0.003,-16.8,-10.799999999999997,결제망 무관하게 이미 성립,결제망 무관하게 이미 성립,-1717.8000000000002,-1117.7999999999997,True,True
미디어/통신,0.0208,0.001,0.004,-15.799999999999997,-7.799999999999999,결제망 무관하게 이미 성립,결제망 무관하게 이미 성립,-1617.7999999999997,-817.8,True,True
미디어/통신,0.0208,0.001,0.005,-14.799999999999997,-4.8,결제망 무관하게 이미 성립,결제망 무관하게 이미 성립,-1517.7999999999997,-517.8,True,True
미디어/통신,0.0208,0.001,0.006,-13.799999999999999,-1.7999999999999967,결제망 무관하게 이미 성립,결제망 무관하게 이미 성립,-1417.8,-217.79999999999967,True,True
미디어/통신,0.0208,0.001,0.007,-12.799999999999999,1.2000000000000022,결제망 무관하게 이미 성립,독자망 100%로도 불가,-1317.8,82.20000000000022,True,True
미디어/통신,0.0208,0.001,0.008,-11.799999999999999,4.200000000000001,결제망 무관하게 이미 성립,독자망 100%로도 불가,-1217.8,382.2000000000001,True,True
미디어/통신,0.0208,0.001,0.009,-10.799999999999999,7.199999999999997,결제망 무관하게 이미 성립,독자망 100%로도 불가,-1117.8,682.1999999999997,True,True
미디어/통신,0.0208,0.001,0.01,-9.799999999999999,10.2,결제망 무관하게 이미 성립,독자망 100%로도 불가,-1017.8,982.1999999999999,True,True
미디어/통신,0.0208,0.001,0.011,-8.799999999999999,13.200000000000003,결제망 무관하게 이미 성립,독자망 100%로도 불가,-917.8,1282.2000000000003,True,True
미디어/통신,0.0208,0.001,0.012,-7.799999999999999,16.200000000000003,결제망 무관하게 이미 성립,독자망 100%로도 불가,-817.8,1582.2000000000003,True,True
미디어/통신,0.0208,0.001,0.013,-6.8,19.2,결제망 무관하게 이미 성립,독자망 100%로도 불가,-717.8,1882.1999999999998,True,True
미디어/통신,0.0208,0.001,0.014,-5.799999999999999,22.200000000000003,결제망 무관하게 이미 성립,독자망 100%로도 불가,-617.8,2182.2000000000003,True,True
미디어/통신,0.0208,0.001,0.015,-4.8,25.2,결제망 무관하게 이미 성립,독자망 100%로도 불가,-517.8,2482.2,True,True
미디어/통신,0.0208,0.001,0.016,-3.799999999999999,28.200000000000003,결제망 무관하게 이미 성립,독자망 100%로도 불가,-417.7999999999999,2782.2000000000003,True,True
미디어/통신,0.0208,0.001,0.017,-2.7999999999999976,31.200000000000003,결제망 무관하게 이미 성립,독자망 100%로도 불가,-317.7999999999998,3082.2000000000003,True,True
미디어/통신,0.0208,0.001,0.018,-1.8000000000000003,34.199999999999996,결제망 무관하게 이미 성립,독자망 100%로도 불가,-217.80000000000004,3382.1999999999994,True,True
미디어/통신,0.0208,0.001,0.019,-0.7999999999999994,37.199999999999996,결제망 무관하게 이미 성립,독자망 100%로도 불가,-117.79999999999995,3682.1999999999994,True,True
미디어/통신,0.0208,0.001,0.02,0.2000000000000014,40.199999999999996,현재 독자망 비중으로 성립,독자망 100%로도 불가,-17.799999999999862,3982.1999999999994,False,True
미디어/통신,0.0208,0.0015,0.003,-10.866666666666667,-6.866666666666665,결제망 무관하게 이미 성립,결제망 무관하게 이미 성립,-1124.4666666666667,-724.4666666666666,True,True
미디어/통신,0.0208,0.0015,0.004,-10.2,-4.866666666666665,결제망 무관하게 이미 성립,결제망 무관하게 이미 성립,-1057.8,-524.4666666666666,True,True
미디어/통신,0.0208,0.0015,0.005,-9.533333333333331,-2.8666666666666663,결제망 무관하게 이미 성립,결제망 무관하게 이미 성립,-991.1333333333332,-324.46666666666664,True,True
미디어/통신,0.0208,0.0015,0.006,-8.866666666666665,-0.8666666666666645,결제망 무관하게 이미 성립,결제망 무관하게 이미 성립,-924.4666666666666,-124.46666666666646,True,True
미디어/통신,0.0208,0.0015,0.007,-8.2,1.1333333333333349,결제망 무관하게 이미 성립,독자망 100%로도 불가,-857.8,75.53333333333349,True,True
미디어/통신,0.0208,0.0015,0.008,-7.533333333333333,3.133333333333334,결제망 무관하게 이미 성립,독자망 100%로도 불가,-791.1333333333333,275.5333333333334,True,True
미디어/통신,0.0208,0.0015,0.009,-6.866666666666666,5.133333333333331,결제망 무관하게 이미 성립,독자망 100%로도 불가,-724.4666666666666,475.5333333333331,True,True
미디어/통신,0.0208,0.0015,0.01,-6.199999999999999,7.133333333333333,결제망 무관하게 이미 성립,독자망 100%로도 불가,-657.8,675.5333333333333,True,True
미디어/통신,0.0208,0.0015,0.011,-5.533333333333333,9.133333333333335,결제망 무관하게 이미 성립,독자망 100%로도 불가,-591.1333333333333,875.5333333333334,True,True
미디어/통신,0.0208,0.0015,0.012,-4.866666666666665,11.133333333333336,결제망 무관하게 이미 성립,독자망 100%로도 불가,-524.4666666666666,1075.5333333333335,True,True
미디어/통신,0.0208,0.0015,0.013,-4.199999999999999,13.133333333333333,결제망 무관하게 이미 성립,독자망 100%로도 불가,-457.79999999999995,1275.5333333333333,True,True
미디어/통신,0.0208,0.0015,0.014,-3.5333333333333323,15.133333333333335,결제망 무관하게 이미 성립,독자망 100%로도 불가,-391.13333333333327,1475.5333333333335,True,True
미디어/통신,0.0208,0.0015,0.015,-2.8666666666666663,17.133333333333333,결제망 무관하게 이미 성립,독자망 100%로도 불가,-324.46666666666664,1675.5333333333333,True,True
미디어/통신,0.0208,0.0015,0.016,-2.1999999999999993,19.133333333333333,결제망 무관하게 이미 성립,독자망 100%로도 불가,-257.79999999999995,1875.5333333333333,True,True
미디어/통신,0.0208,0.0015,0.017,-1.5333333333333319,21.133333333333336,결제망 무관하게 이미 성립,독자망 100%로도 불가,-191.1333333333332,2075.5333333333338,True,True
미디어/통신,0.0208,0.0015,0.018,-0.8666666666666669,23.13333333333333,결제망 무관하게 이미 성립,독자망 100%로도 불가,-124.46666666666668,2275.533333333333,True,True
미디어/통신,0.0208,0.0015,0.019,-0.19999999999999973,25.13333333333333,결제망 무관하게 이미 성립,독자망 100%로도 불가,-57.799999999999976,2475.533333333333,True,True
미디어/통신,0.0208,0.0015,0.02,0.46666666666666756,27.133333333333333,독자망 추가 전환 필요,독자망 100%로도 불가,8.866666666666756,2675.5333333333333,False,False
미디어/통신,0.0208,0.001942,0.003,-8.165808444902163,-5.076210092687949,결제망 무관하게 이미 성립,결제망 무관하게 이미 성립,-854.3808444902163,-545.4210092687949,True,True
미디어/통신,0.0208,0.001942,0.004,-7.650875386199793,-3.5314109165808443,결제망 무관하게 이미 성립,결제망 무관하게 이미 성립,-802.8875386199793,-390.9410916580844,True,True
미디어/통신,0.0208,0.001942,0.005,-7.135942327497425,-1.9866117404737382,결제망 무관하게 이미 성립,결제망 무관하게 이미 성립,-751.3942327497425,-236.46117404737385,True,True
미디어/통신,0.0208,0.001942,0.006,-6.621009268795056,-0.44181256436663086,결제망 무관하게 이미 성립,결제망 무관하게 이미 성립,-699.9009268795056,-81.98125643666309,True,True
미디어/통신,0.0208,0.001942,0.007,-6.106076210092688,1.102986611740475,결제망 무관하게 이미 성립,독자망 100%로도 불가,-648.4076210092688,72.4986611740475,True,True
미디어/통신,0.0208,0.001942,0.008,-5.591143151390319,2.647785787847581,결제망 무관하게 이미 성립,독자망 100%로도 불가,-596.9143151390318,226.97857878475807,True,True
미디어/통신,0.0208,0.001942,0.009,-5.07621009268795,4.192584963954685,결제망 무관하게 이미 성립,독자망 100%로도 불가,-545.421009268795,381.4584963954685,True,True
미디어/통신,0.0208,0.001942,0.01,-4.561277033985581,5.737384140061792,결제망 무관하게 이미 성립,독자망 100%로도 불가,-493.9277033985581,535.9384140061792,True,True
미디어/통신,0.0208,0.001942,0.011,-4.0463439752832135,7.2821833161689,결제망 무관하게 이미 성립,독자망 100%로도 불가,-442.43439752832137,690.41833161689,True,True
미디어/통신,0.0208,0.001942,0.012,-3.5314109165808443,8.826982492276006,결제망 무관하게 이미 성립,독자망 100%로도 불가,-390.9410916580844,844.8982492276006,True,True
미디어/통신,0.0208,0.001942,0.013,-3.016477857878476,10.371781668383111,결제망 무관하게 이미 성립,독자망 100%로도 불가,-339.4477857878476,999.3781668383111,True,True
미디어/통신,0.0208,0.001942,0.014,-2.5015447991761066,11.916580844490218,결제망 무관하게 이미 성립,독자망 100%로도 불가,-287.9544799176107,1153.8580844490218,True,True
미디어/통신,0.0208,0.001942,0.015,-1.9866117404737382,13.461380020597323,결제망 무관하게 이미 성립,독자망 100%로도 불가,-236.46117404737385,1308.3380020597324,True,True
미디어/통신,0.0208,0.001942,0.016,-1.471678681771369,15.00617919670443,결제망 무관하게 이미 성립,독자망 100%로도 불가,-184.9678681771369,1462.817919670443,True,True
미디어/통신,0.0208,0.001942,0.017,-0.9567456230689999,16.550978372811535,결제망 무관하게 이미 성립,독자망 100%로도 불가,-133.47456230689997,1617.2978372811535,True,True
미디어/통신,0.0208,0.001942,0.018,-0.44181256436663263,18.095777548918637,결제망 무관하게 이미 성립,독자망 100%로도 불가,-81.98125643666326,1771.7777548918637,True,True
미디어/통신,0.0208,0.001942,0.019,0.07312049433573653,19.640576725025745,현재 독자망 비중으로 성립,독자망 100%로도 불가,-30.48795056642635,1926.2576725025745,True,True
미디어/통신,0.0208,0.001942,0.02,0.5880535530381057,21.185375901132854,독자망 추가 전환 필요,독자망 100%로도 불가,21.005355303810568,2080.7375901132855,False,False
미디어/통신,0.0208,0.002,0.003,-7.9,-4.899999999999999,결제망 무관하게 이미 성립,결제망 무관하게 이미 성립,-827.8000000000001,-527.7999999999998,True,True
미디어/통신,0.0208,0.002,0.004,-7.399999999999999,-3.3999999999999995,결제망 무관하게 이미 성립,결제망 무관하게 이미 성립,-777.7999999999998,-377.79999999999995,True,True
미디어/통신,0.0208,0.002,0.005,-6.899999999999999,-1.9,결제망 무관하게 이미 성립,결제망 무관하게 이미 성립,-727.7999999999998,-227.8,True,True
미디어/통신,0.0208,0.002,0.006,-6.3999999999999995,-0.39999999999999836,결제망 무관하게 이미 성립,결제망 무관하게 이미 성립,-677.8,-77.79999999999984,True,True
미디어/통신,0.0208,0.002,0.007,-5.8999999999999995,1.1000000000000012,결제망 무관하게 이미 성립,독자망 100%로도 불가,-627.8,72.20000000000012,True,True
미디어/통신,0.0208,0.002,0.008,-5.3999999999999995,2.6000000000000005,결제망 무관하게 이미 성립,독자망 100%로도 불가,-577.8,222.20000000000005,True,True
미디어/통신,0.0208,0.002,0.009,-4.8999999999999995,4.099999999999998,결제망 무관하게 이미 성립,독자망 100%로도 불가,-527.8,372.19999999999976,True,True
미디어/통신,0.0208,0.002,0.01,-4.3999999999999995,5.6,결제망 무관하게 이미 성립,독자망 100%로도 불가,-477.79999999999995,522.1999999999999,True,True
미디어/통신,0.0208,0.002,0.011,-3.8999999999999995,7.100000000000001,결제망 무관하게 이미 성립,독자망 100%로도 불가,-427.79999999999995,672.2000000000002,True,True
미디어/통신,0.0208,0.002,0.012,-3.3999999999999995,8.600000000000001,결제망 무관하게 이미 성립,독자망 100%로도 불가,-377.79999999999995,822.2000000000002,True,True
미디어/통신,0.0208,0.002,0.013,-2.9,10.1,결제망 무관하게 이미 성립,독자망 100%로도 불가,-327.8,972.1999999999999,True,True
미디어/통신,0.0208,0.002,0.014,-2.3999999999999995,11.600000000000001,결제망 무관하게 이미 성립,독자망 100%로도 불가,-277.79999999999995,1122.2,True,True
미디어/통신,0.0208,0.002,0.015,-1.9,13.1,결제망 무관하게 이미 성립,독자망 100%로도 불가,-227.8,1272.2,True,True
미디어/통신,0.0208,0.002,0.016,-1.3999999999999995,14.600000000000001,결제망 무관하게 이미 성립,독자망 100%로도 불가,-177.79999999999995,1422.2,True,True
미디어/통신,0.0208,0.002,0.017,-0.8999999999999988,16.1,결제망 무관하게 이미 성립,독자망 100%로도 불가,-127.79999999999987,1572.2,True,True
미디어/통신,0.0208,0.002,0.018,-0.40000000000000013,17.599999999999998,결제망 무관하게 이미 성립,독자망 100%로도 불가,-77.80000000000001,1722.1999999999998,True,True
미디어/통신,0.0208,0.002,0.019,0.10000000000000031,19.099999999999998,현재 독자망 비중으로 성립,독자망 100%로도 불가,-27.79999999999997,1872.1999999999998,True,True
미디어/통신,0.0208,0.002,0.02,0.6000000000000008,20.599999999999998,독자망 추가 전환 필요,독자망 100%로도 불가,22.200000000000074,2022.1999999999998,False,False
미디어/통신,0.0208,0.0025,0.003,-6.12,-3.719999999999999,결제망 무관하게 이미 성립,결제망 무관하게 이미 성립,-649.8000000000001,-409.7999999999999,True,True
미디어/통신,0.0208,0.0025,0.004,-5.72,-2.5199999999999996,결제망 무관하게 이미 성립,결제망 무관하게 이미 성립,-609.8,-289.79999999999995,True,True
미디어/통신,0.0208,0.0025,0.005,-5.319999999999999,-1.3199999999999998,결제망 무관하게 이미 성립,결제망 무관하게 이미 성립,-569.8,-169.79999999999998,True,True
미디어/통신,0.0208,0.0025,0.006,-4.919999999999999,-0.11999999999999877,결제망 무관하게 이미 성립,결제망 무관하게 이미 성립,-529.8,-49.799999999999876,True,True
미디어/통신,0.0208,0.0025,0.007,-4.52,1.080000000000001,결제망 무관하게 이미 성립,독자망 100%로도 불가,-489.79999999999995,70.2000000000001,True,True
미디어/통신,0.0208,0.0025,0.008,-4.119999999999999,2.2800000000000002,결제망 무관하게 이미 성립,독자망 100%로도 불가,-449.79999999999995,190.20000000000002,True,True
미디어/통신,0.0208,0.0025,0.009,-3.7199999999999998,3.4799999999999986,결제망 무관하게 이미 성립,독자망 100%로도 불가,-409.8,310.1999999999999,True,True
미디어/통신,0.0208,0.0025,0.01,-3.3199999999999994,4.68,결제망 무관하게 이미 성립,독자망 100%로도 불가,-369.79999999999995,430.19999999999993,True,True
미디어/통신,0.0208,0.0025,0.011,-2.92,5.880000000000001,결제망 무관하게 이미 성립,독자망 100%로도 불가,-329.8,550.2,True,True
미디어/통신,0.0208,0.0025,0.012,-2.5199999999999996,7.080000000000002,결제망 무관하게 이미 성립,독자망 100%로도 불가,-289.79999999999995,670.2000000000002,True,True
미디어/통신,0.0208,0.0025,0.013,-2.1199999999999997,8.280000000000001,결제망 무관하게 이미 성립,독자망 100%로도 불가,-249.79999999999998,790.2,True,True
미디어/통신,0.0208,0.0025,0.014,-1.7199999999999993,9.48,결제망 무관하게 이미 성립,독자망 100%로도 불가,-209.79999999999995,910.2,True,True
미디어/통신,0.0208,0.0025,0.015,-1.3199999999999998,10.68,결제망 무관하게 이미 성립,독자망 100%로도 불가,-169.79999999999998,1030.2,True,True
미디어/통신,0.0208,0.0025,0.016,-0.9199999999999995,11.88,결제망 무관하게 이미 성립,독자망 100%로도 불가,-129.79999999999995,1150.2,True,True
미디어/통신,0.0208,0.0025,0.017,-0.5199999999999991,13.080000000000002,결제망 무관하게 이미 성립,독자망 100%로도 불가,-89.79999999999991,1270.2000000000003,True,True
미디어/통신,0.0208,0.0025,0.018,-0.1200000000000001,14.279999999999998,결제망 무관하게 이미 성립,독자망 100%로도 불가,-49.80000000000001,1390.1999999999998,True,True
미디어/통신,0.0208,0.0025,0.019,0.28000000000000025,15.479999999999999,현재 독자망 비중으로 성립,독자망 100%로도 불가,-9.799999999999976,1510.1999999999998,False,True
미디어/통신,0.0208,0.0025,0.02,0.6800000000000006,16.68,독자망 추가 전환 필요,독자망 100%로도 불가,30.20000000000006,1630.2,False,False
공공/기업/단체,0.0208,0.0005,0.003,-34.6,-22.599999999999994,결제망 무관하게 이미 성립,결제망 무관하게 이미 성립,-3497.8,-2297.7999999999993,True,True
공공/기업/단체,0.0208,0.0005,0.004,-32.599999999999994,-16.599999999999998,결제망 무관하게 이미 성립,결제망 무관하게 이미 성립,-3297.7999999999993,-1697.7999999999997,True,True
공공/기업/단체,0.0208,0.0005,0.005,-30.599999999999994,-10.6,결제망 무관하게 이미 성립,결제망 무관하게 이미 성립,-3097.7999999999993,-1097.8,True,True
공공/기업/단체,0.0208,0.0005,0.006,-28.599999999999998,-4.599999999999993,결제망 무관하게 이미 성립,결제망 무관하게 이미 성립,-2897.7999999999997,-497.79999999999933,True,True
공공/기업/단체,0.0208,0.0005,0.007,-26.599999999999998,1.4000000000000046,결제망 무관하게 이미 성립,독자망 100%로도 불가,-2697.7999999999997,102.20000000000047,True,True
공공/기업/단체,0.0208,0.0005,0.008,-24.599999999999998,7.400000000000003,결제망 무관하게 이미 성립,독자망 100%로도 불가,-2497.7999999999997,702.2000000000003,True,True
공공/기업/단체,0.0208,0.0005,0.009,-22.599999999999998,13.399999999999993,결제망 무관하게 이미 성립,독자망 100%로도 불가,-2297.7999999999997,1302.1999999999994,True,True
공공/기업/단체,0.0208,0.0005,0.01,-20.599999999999998,19.4,결제망 무관하게 이미 성립,독자망 100%로도 불가,-2097.7999999999997,1902.1999999999998,True,True
공공/기업/단체,0.0208,0.0005,0.011,-18.599999999999998,25.400000000000006,결제망 무관하게 이미 성립,독자망 100%로도 불가,-1897.7999999999997,2502.2000000000007,True,True
공공/기업/단체,0.0208,0.0005,0.012,-16.599999999999998,31.40000000000001,결제망 무관하게 이미 성립,독자망 100%로도 불가,-1697.7999999999997,3102.2000000000007,True,True
공공/기업/단체,0.0208,0.0005,0.013,-14.6,37.4,결제망 무관하게 이미 성립,독자망 100%로도 불가,-1497.8,3702.2,True,True
공공/기업/단체,0.0208,0.0005,0.014,-12.599999999999998,43.400000000000006,결제망 무관하게 이미 성립,독자망 100%로도 불가,-1297.7999999999997,4302.200000000001,True,True
공공/기업/단체,0.0208,0.0005,0.015,-10.6,49.4,결제망 무관하게 이미 성립,독자망 100%로도 불가,-1097.8,4902.2,True,True
공공/기업/단체,0.0208,0.0005,0.016,-8.599999999999998,55.400000000000006,결제망 무관하게 이미 성립,독자망 100%로도 불가,-897.7999999999998,5502.200000000001,True,True
공공/기업/단체,0.0208,0.0005,0.017,-6.599999999999995,61.400000000000006,결제망 무관하게 이미 성립,독자망 100%로도 불가,-697.7999999999995,6102.200000000001,True,True
공공/기업/단체,0.0208,0.0005,0.018,-4.6000000000000005,67.39999999999999,결제망 무관하게 이미 성립,독자망 100%로도 불가,-497.80000000000007,6702.199999999999,True,True
공공/기업/단체,0.0208,0.0005,0.019,-2.5999999999999988,73.39999999999999,결제망 무관하게 이미 성립,독자망 100%로도 불가,-297.7999999999999,7302.199999999999,True,True
공공/기업/단체,0.0208,0.0005,0.02,-0.5999999999999972,79.39999999999999,결제망 무관하게 이미 성립,독자망 100%로도 불가,-97.79999999999973,7902.199999999999,True,True
공공/기업/단체,0.0208,0.001,0.003,-16.8,-10.799999999999997,결제망 무관하게 이미 성립,결제망 무관하게 이미 성립,-1717.8000000000002,-1117.7999999999997,True,True
공공/기업/단체,0.0208,0.001,0.004,-15.799999999999997,-7.799999999999999,결제망 무관하게 이미 성립,결제망 무관하게 이미 성립,-1617.7999999999997,-817.8,True,True
공공/기업/단체,0.0208,0.001,0.005,-14.799999999999997,-4.8,결제망 무관하게 이미 성립,결제망 무관하게 이미 성립,-1517.7999999999997,-517.8,True,True
공공/기업/단체,0.0208,0.001,0.006,-13.799999999999999,-1.7999999999999967,결제망 무관하게 이미 성립,결제망 무관하게 이미 성립,-1417.8,-217.79999999999967,True,True
공공/기업/단체,0.0208,0.001,0.007,-12.799999999999999,1.2000000000000022,결제망 무관하게 이미 성립,독자망 100%로도 불가,-1317.8,82.20000000000022,True,True
공공/기업/단체,0.0208,0.001,0.008,-11.799999999999999,4.200000000000001,결제망 무관하게 이미 성립,독자망 100%로도 불가,-1217.8,382.2000000000001,True,True
공공/기업/단체,0.0208,0.001,0.009,-10.799999999999999,7.199999999999997,결제망 무관하게 이미 성립,독자망 100%로도 불가,-1117.8,682.1999999999997,True,True
공공/기업/단체,0.0208,0.001,0.01,-9.799999999999999,10.2,결제망 무관하게 이미 성립,독자망 100%로도 불가,-1017.8,982.1999999999999,True,True
공공/기업/단체,0.0208,0.001,0.011,-8.799999999999999,13.200000000000003,결제망 무관하게 이미 성립,독자망 100%로도 불가,-917.8,1282.2000000000003,True,True
공공/기업/단체,0.0208,0.001,0.012,-7.799999999999999,16.200000000000003,결제망 무관하게 이미 성립,독자망 100%로도 불가,-817.8,1582.2000000000003,True,True
공공/기업/단체,0.0208,0.001,0.013,-6.8,19.2,결제망 무관하게 이미 성립,독자망 100%로도 불가,-717.8,1882.1999999999998,True,True
공공/기업/단체,0.0208,0.001,0.014,-5.799999999999999,22.200000000000003,결제망 무관하게 이미 성립,독자망 100%로도 불가,-617.8,2182.2000000000003,True,True
공공/기업/단체,0.0208,0.001,0.015,-4.8,25.2,결제망 무관하게 이미 성립,독자망 100%로도 불가,-517.8,2482.2,True,True
공공/기업/단체,0.0208,0.001,0.016,-3.799999999999999,28.200000000000003,결제망 무관하게 이미 성립,독자망 100%로도 불가,-417.7999999999999,2782.2000000000003,True,True
공공/기업/단체,0.0208,0.001,0.017,-2.7999999999999976,31.200000000000003,결제망 무관하게 이미 성립,독자망 100%로도 불가,-317.7999999999998,3082.2000000000003,True,True
공공/기업/단체,0.0208,0.001,0.018,-1.8000000000000003,34.199999999999996,결제망 무관하게 이미 성립,독자망 100%로도 불가,-217.80000000000004,3382.1999999999994,True,True
공공/기업/단체,0.0208,0.001,0.019,-0.7999999999999994,37.199999999999996,결제망 무관하게 이미 성립,독자망 100%로도 불가,-117.79999999999995,3682.1999999999994,True,True
공공/기업/단체,0.0208,0.001,0.02,0.2000000000000014,40.199999999999996,현재 독자망 비중으로 성립,독자망 100%로도 불가,-17.799999999999862,3982.1999999999994,False,True
공공/기업/단체,0.0208,0.0015,0.003,-10.866666666666667,-6.866666666666665,결제망 무관하게 이미 성립,결제망 무관하게 이미 성립,-1124.4666666666667,-724.4666666666666,True,True
공공/기업/단체,0.0208,0.0015,0.004,-10.2,-4.866666666666665,결제망 무관하게 이미 성립,결제망 무관하게 이미 성립,-1057.8,-524.4666666666666,True,True
공공/기업/단체,0.0208,0.0015,0.005,-9.533333333333331,-2.8666666666666663,결제망 무관하게 이미 성립,결제망 무관하게 이미 성립,-991.1333333333332,-324.46666666666664,True,True
공공/기업/단체,0.0208,0.0015,0.006,-8.866666666666665,-0.8666666666666645,결제망 무관하게 이미 성립,결제망 무관하게 이미 성립,-924.4666666666666,-124.46666666666646,True,True
공공/기업/단체,0.0208,0.0015,0.007,-8.2,1.1333333333333349,결제망 무관하게 이미 성립,독자망 100%로도 불가,-857.8,75.53333333333349,True,True
공공/기업/단체,0.0208,0.0015,0.008,-7.533333333333333,3.133333333333334,결제망 무관하게 이미 성립,독자망 100%로도 불가,-791.1333333333333,275.5333333333334,True,True
공공/기업/단체,0.0208,0.0015,0.009,-6.866666666666666,5.133333333333331,결제망 무관하게 이미 성립,독자망 100%로도 불가,-724.4666666666666,475.5333333333331,True,True
공공/기업/단체,0.0208,0.0015,0.01,-6.199999999999999,7.133333333333333,결제망 무관하게 이미 성립,독자망 100%로도 불가,-657.8,675.5333333333333,True,True
공공/기업/단체,0.0208,0.0015,0.011,-5.533333333333333,9.133333333333335,결제망 무관하게 이미 성립,독자망 100%로도 불가,-591.1333333333333,875.5333333333334,True,True
공공/기업/단체,0.0208,0.0015,0.012,-4.866666666666665,11.133333333333336,결제망 무관하게 이미 성립,독자망 100%로도 불가,-524.4666666666666,1075.5333333333335,True,True
공공/기업/단체,0.0208,0.0015,0.013,-4.199999999999999,13.133333333333333,결제망 무관하게 이미 성립,독자망 100%로도 불가,-457.79999999999995,1275.5333333333333,True,True
공공/기업/단체,0.0208,0.0015,0.014,-3.5333333333333323,15.133333333333335,결제망 무관하게 이미 성립,독자망 100%로도 불가,-391.13333333333327,1475.5333333333335,True,True
공공/기업/단체,0.0208,0.0015,0.015,-2.8666666666666663,17.133333333333333,결제망 무관하게 이미 성립,독자망 100%로도 불가,-324.46666666666664,1675.5333333333333,True,True
공공/기업/단체,0.0208,0.0015,0.016,-2.1999999999999993,19.133333333333333,결제망 무관하게 이미 성립,독자망 100%로도 불가,-257.79999999999995,1875.5333333333333,True,True
공공/기업/단체,0.0208,0.0015,0.017,-1.5333333333333319,21.133333333333336,결제망 무관하게 이미 성립,독자망 100%로도 불가,-191.1333333333332,2075.5333333333338,True,True
공공/기업/단체,0.0208,0.0015,0.018,-0.8666666666666669,23.13333333333333,결제망 무관하게 이미 성립,독자망 100%로도 불가,-124.46666666666668,2275.533333333333,True,True
공공/기업/단체,0.0208,0.0015,0.019,-0.19999999999999973,25.13333333333333,결제망 무관하게 이미 성립,독자망 100%로도 불가,-57.799999999999976,2475.533333333333,True,True
공공/기업/단체,0.0208,0.0015,0.02,0.46666666666666756,27.133333333333333,독자망 추가 전환 필요,독자망 100%로도 불가,8.866666666666756,2675.5333333333333,False,False
공공/기업/단체,0.0208,0.001942,0.003,-8.165808444902163,-5.076210092687949,결제망 무관하게 이미 성립,결제망 무관하게 이미 성립,-854.3808444902163,-545.4210092687949,True,True
공공/기업/단체,0.0208,0.001942,0.004,-7.650875386199793,-3.5314109165808443,결제망 무관하게 이미 성립,결제망 무관하게 이미 성립,-802.8875386199793,-390.9410916580844,True,True
공공/기업/단체,0.0208,0.001942,0.005,-7.135942327497425,-1.9866117404737382,결제망 무관하게 이미 성립,결제망 무관하게 이미 성립,-751.3942327497425,-236.46117404737385,True,True
공공/기업/단체,0.0208,0.001942,0.006,-6.621009268795056,-0.44181256436663086,결제망 무관하게 이미 성립,결제망 무관하게 이미 성립,-699.9009268795056,-81.98125643666309,True,True
공공/기업/단체,0.0208,0.001942,0.007,-6.106076210092688,1.102986611740475,결제망 무관하게 이미 성립,독자망 100%로도 불가,-648.4076210092688,72.4986611740475,True,True
공공/기업/단체,0.0208,0.001942,0.008,-5.591143151390319,2.647785787847581,결제망 무관하게 이미 성립,독자망 100%로도 불가,-596.9143151390318,226.97857878475807,True,True
공공/기업/단체,0.0208,0.001942,0.009,-5.07621009268795,4.192584963954685,결제망 무관하게 이미 성립,독자망 100%로도 불가,-545.421009268795,381.4584963954685,True,True
공공/기업/단체,0.0208,0.001942,0.01,-4.561277033985581,5.737384140061792,결제망 무관하게 이미 성립,독자망 100%로도 불가,-493.9277033985581,535.9384140061792,True,True
공공/기업/단체,0.0208,0.001942,0.011,-4.0463439752832135,7.2821833161689,결제망 무관하게 이미 성립,독자망 100%로도 불가,-442.43439752832137,690.41833161689,True,True
공공/기업/단체,0.0208,0.001942,0.012,-3.5314109165808443,8.826982492276006,결제망 무관하게 이미 성립,독자망 100%로도 불가,-390.9410916580844,844.8982492276006,True,True
공공/기업/단체,0.0208,0.001942,0.013,-3.016477857878476,10.371781668383111,결제망 무관하게 이미 성립,독자망 100%로도 불가,-339.4477857878476,999.3781668383111,True,True
공공/기업/단체,0.0208,0.001942,0.014,-2.5015447991761066,11.916580844490218,결제망 무관하게 이미 성립,독자망 100%로도 불가,-287.9544799176107,1153.8580844490218,True,True
공공/기업/단체,0.0208,0.001942,0.015,-1.9866117404737382,13.461380020597323,결제망 무관하게 이미 성립,독자망 100%로도 불가,-236.46117404737385,1308.3380020597324,True,True
공공/기업/단체,0.0208,0.001942,0.016,-1.471678681771369,15.00617919670443,결제망 무관하게 이미 성립,독자망 100%로도 불가,-184.9678681771369,1462.817919670443,True,True
공공/기업/단체,0.0208,0.001942,0.017,-0.9567456230689999,16.550978372811535,결제망 무관하게 이미 성립,독자망 100%로도 불가,-133.47456230689997,1617.2978372811535,True,True
공공/기업/단체,0.0208,0.001942,0.018,-0.44181256436663263,18.095777548918637,결제망 무관하게 이미 성립,독자망 100%로도 불가,-81.98125643666326,1771.7777548918637,True,True
공공/기업/단체,0.0208,0.001942,0.019,0.07312049433573653,19.640576725025745,현재 독자망 비중으로 성립,독자망 100%로도 불가,-30.48795056642635,1926.2576725025745,True,True
공공/기업/단체,0.0208,0.001942,0.02,0.5880535530381057,21.185375901132854,독자망 추가 전환 필요,독자망 100%로도 불가,21.005355303810568,2080.7375901132855,False,False
공공/기업/단체,0.0208,0.002,0.003,-7.9,-4.899999999999999,결제망 무관하게 이미 성립,결제망 무관하게 이미 성립,-827.8000000000001,-527.7999999999998,True,True
공공/기업/단체,0.0208,0.002,0.004,-7.399999999999999,-3.3999999999999995,결제망 무관하게 이미 성립,결제망 무관하게 이미 성립,-777.7999999999998,-377.79999999999995,True,True
공공/기업/단체,0.0208,0.002,0.005,-6.899999999999999,-1.9,결제망 무관하게 이미 성립,결제망 무관하게 이미 성립,-727.7999999999998,-227.8,True,True
공공/기업/단체,0.0208,0.002,0.006,-6.3999999999999995,-0.39999999999999836,결제망 무관하게 이미 성립,결제망 무관하게 이미 성립,-677.8,-77.79999999999984,True,True
공공/기업/단체,0.0208,0.002,0.007,-5.8999999999999995,1.1000000000000012,결제망 무관하게 이미 성립,독자망 100%로도 불가,-627.8,72.20000000000012,True,True
공공/기업/단체,0.0208,0.002,0.008,-5.3999999999999995,2.6000000000000005,결제망 무관하게 이미 성립,독자망 100%로도 불가,-577.8,222.20000000000005,True,True
공공/기업/단체,0.0208,0.002,0.009,-4.8999999999999995,4.099999999999998,결제망 무관하게 이미 성립,독자망 100%로도 불가,-527.8,372.19999999999976,True,True
공공/기업/단체,0.0208,0.002,0.01,-4.3999999999999995,5.6,결제망 무관하게 이미 성립,독자망 100%로도 불가,-477.79999999999995,522.1999999999999,True,True
공공/기업/단체,0.0208,0.002,0.011,-3.8999999999999995,7.100000000000001,결제망 무관하게 이미 성립,독자망 100%로도 불가,-427.79999999999995,672.2000000000002,True,True
공공/기업/단체,0.0208,0.002,0.012,-3.3999999999999995,8.600000000000001,결제망 무관하게 이미 성립,독자망 100%로도 불가,-377.79999999999995,822.2000000000002,True,True
공공/기업/단체,0.0208,0.002,0.013,-2.9,10.1,결제망 무관하게 이미 성립,독자망 100%로도 불가,-327.8,972.1999999999999,True,True
공공/기업/단체,0.0208,0.002,0.014,-2.3999999999999995,11.600000000000001,결제망 무관하게 이미 성립,독자망 100%로도 불가,-277.79999999999995,1122.2,True,True
공공/기업/단체,0.0208,0.002,0.015,-1.9,13.1,결제망 무관하게 이미 성립,독자망 100%로도 불가,-227.8,1272.2,True,True
공공/기업/단체,0.0208,0.002,0.016,-1.3999999999999995,14.600000000000001,결제망 무관하게 이미 성립,독자망 100%로도 불가,-177.79999999999995,1422.2,True,True
공공/기업/단체,0.0208,0.002,0.017,-0.8999999999999988,16.1,결제망 무관하게 이미 성립,독자망 100%로도 불가,-127.79999999999987,1572.2,True,True
공공/기업/단체,0.0208,0.002,0.018,-0.40000000000000013,17.599999999999998,결제망 무관하게 이미 성립,독자망 100%로도 불가,-77.80000000000001,1722.1999999999998,True,True
공공/기업/단체,0.0208,0.002,0.019,0.10000000000000031,19.099999999999998,현재 독자망 비중으로 성립,독자망 100%로도 불가,-27.79999999999997,1872.1999999999998,True,True
공공/기업/단체,0.0208,0.002,0.02,0.6000000000000008,20.599999999999998,독자망 추가 전환 필요,독자망 100%로도 불가,22.200000000000074,2022.1999999999998,False,False
공공/기업/단체,0.0208,0.0025,0.003,-6.12,-3.719999999999999,결제망 무관하게 이미 성립,결제망 무관하게 이미 성립,-649.8000000000001,-409.7999999999999,True,True
공공/기업/단체,0.0208,0.0025,0.004,-5.72,-2.5199999999999996,결제망 무관하게 이미 성립,결제망 무관하게 이미 성립,-609.8,-289.79999999999995,True,True
공공/기업/단체,0.0208,0.0025,0.005,-5.319999999999999,-1.3199999999999998,결제망 무관하게 이미 성립,결제망 무관하게 이미 성립,-569.8,-169.79999999999998,True,True
공공/기업/단체,0.0208,0.0025,0.006,-4.919999999999999,-0.11999999999999877,결제망 무관하게 이미 성립,결제망 무관하게 이미 성립,-529.8,-49.799999999999876,True,True
공공/기업/단체,0.0208,0.0025,0.007,-4.52,1.080000000000001,결제망 무관하게 이미 성립,독자망 100%로도 불가,-489.79999999999995,70.2000000000001,True,True
공공/기업/단체,0.0208,0.0025,0.008,-4.119999999999999,2.2800000000000002,결제망 무관하게 이미 성립,독자망 100%로도 불가,-449.79999999999995,190.20000000000002,True,True
공공/기업/단체,0.0208,0.0025,0.009,-3.7199999999999998,3.4799999999999986,결제망 무관하게 이미 성립,독자망 100%로도 불가,-409.8,310.1999999999999,True,True
공공/기업/단체,0.0208,0.0025,0.01,-3.3199999999999994,4.68,결제망 무관하게 이미 성립,독자망 100%로도 불가,-369.79999999999995,430.19999999999993,True,True
공공/기업/단체,0.0208,0.0025,0.011,-2.92,5.880000000000001,결제망 무관하게 이미 성립,독자망 100%로도 불가,-329.8,550.2,True,True
공공/기업/단체,0.0208,0.0025,0.012,-2.5199999999999996,7.080000000000002,결제망 무관하게 이미 성립,독자망 100%로도 불가,-289.79999999999995,670.2000000000002,True,True
공공/기업/단체,0.0208,0.0025,0.013,-2.1199999999999997,8.280000000000001,결제망 무관하게 이미 성립,독자망 100%로도 불가,-249.79999999999998,790.2,True,True
공공/기업/단체,0.0208,0.0025,0.014,-1.7199999999999993,9.48,결제망 무관하게 이미 성립,독자망 100%로도 불가,-209.79999999999995,910.2,True,True
공공/기업/단체,0.0208,0.0025,0.015,-1.3199999999999998,10.68,결제망 무관하게 이미 성립,독자망 100%로도 불가,-169.79999999999998,1030.2,True,True
공공/기업/단체,0.0208,0.0025,0.016,-0.9199999999999995,11.88,결제망 무관하게 이미 성립,독자망 100%로도 불가,-129.79999999999995,1150.2,True,True
공공/기업/단체,0.0208,0.0025,0.017,-0.5199999999999991,13.080000000000002,결제망 무관하게 이미 성립,독자망 100%로도 불가,-89.79999999999991,1270.2000000000003,True,True
공공/기업/단체,0.0208,0.0025,0.018,-0.1200000000000001,14.279999999999998,결제망 무관하게 이미 성립,독자망 100%로도 불가,-49.80000000000001,1390.1999999999998,True,True
공공/기업/단체,0.0208,0.0025,0.019,0.28000000000000025,15.479999999999999,현재 독자망 비중으로 성립,독자망 100%로도 불가,-9.799999999999976,1510.1999999999998,False,True
공공/기업/단체,0.0208,0.0025,0.02,0.6800000000000006,16.68,독자망 추가 전환 필요,독자망 100%로도 불가,30.20000000000006,1630.2,False,False
